-- MySQL dump 10.13  Distrib 8.0.18, for Linux (x86_64)
--
-- Host: localhost    Database: kinopoisk
-- ------------------------------------------------------
-- Server version	8.0.18

/*!40101 SET @OLD_CHARACTER_SET_CLIENT=@@CHARACTER_SET_CLIENT */;
/*!40101 SET @OLD_CHARACTER_SET_RESULTS=@@CHARACTER_SET_RESULTS */;
/*!40101 SET @OLD_COLLATION_CONNECTION=@@COLLATION_CONNECTION */;
/*!50503 SET NAMES utf8mb4 */;
/*!40103 SET @OLD_TIME_ZONE=@@TIME_ZONE */;
/*!40103 SET TIME_ZONE='+00:00' */;
/*!40014 SET @OLD_UNIQUE_CHECKS=@@UNIQUE_CHECKS, UNIQUE_CHECKS=0 */;
/*!40014 SET @OLD_FOREIGN_KEY_CHECKS=@@FOREIGN_KEY_CHECKS, FOREIGN_KEY_CHECKS=0 */;
/*!40101 SET @OLD_SQL_MODE=@@SQL_MODE, SQL_MODE='NO_AUTO_VALUE_ON_ZERO' */;
/*!40111 SET @OLD_SQL_NOTES=@@SQL_NOTES, SQL_NOTES=0 */;

--
-- Table structure for table `afisha`
--

DROP TABLE IF EXISTS `afisha`;
/*!40101 SET @saved_cs_client     = @@character_set_client */;
/*!50503 SET character_set_client = utf8mb4 */;
CREATE TABLE `afisha` (
  `id` int(10) unsigned NOT NULL AUTO_INCREMENT,
  `cinema_id` int(10) unsigned NOT NULL,
  `session_data` date DEFAULT NULL,
  `session_time` time DEFAULT NULL,
  PRIMARY KEY (`id`),
  KEY `afisha_cinema_id_fk` (`cinema_id`),
  CONSTRAINT `afisha_cinema_id_fk` FOREIGN KEY (`cinema_id`) REFERENCES `cinemas` (`id`) ON DELETE CASCADE
) ENGINE=InnoDB AUTO_INCREMENT=101 DEFAULT CHARSET=utf8 COLLATE=utf8_unicode_ci COMMENT='Афиша';
/*!40101 SET character_set_client = @saved_cs_client */;

--
-- Dumping data for table `afisha`
--

LOCK TABLES `afisha` WRITE;
/*!40000 ALTER TABLE `afisha` DISABLE KEYS */;
INSERT INTO `afisha` VALUES (1,93,'2020-10-07','09:00:00'),(2,6,'2020-09-19','00:00:00'),(3,46,'2020-03-09','18:00:00'),(4,44,'2020-09-01','21:00:00'),(5,65,'2020-09-08','02:00:00'),(6,35,'2020-04-28','17:00:00'),(7,93,'2020-06-13','08:00:00'),(8,44,'2020-03-06','12:00:00'),(9,42,'2020-06-06','12:00:00'),(10,91,'2020-07-08','01:00:00'),(11,99,'2020-03-12','17:00:00'),(12,90,'2020-04-25','11:00:00'),(13,92,'2020-11-19','05:00:00'),(14,69,'2020-05-16','16:00:00'),(15,43,'2021-02-06','15:00:00'),(16,48,'2020-04-15','04:00:00'),(17,4,'2021-01-12','22:00:00'),(18,57,'2020-03-14','01:00:00'),(19,38,'2020-10-17','10:00:00'),(20,56,'2020-04-09','01:00:00'),(21,40,'2020-11-11','21:00:00'),(22,90,'2020-05-26','09:00:00'),(23,10,'2020-04-21','06:00:00'),(24,48,'2020-03-20','00:00:00'),(25,100,'2021-01-25','09:00:00'),(26,16,'2020-08-05','21:00:00'),(27,42,'2020-08-27','06:00:00'),(28,79,'2020-05-22','14:00:00'),(29,19,'2020-11-15','02:00:00'),(30,45,'2021-02-06','19:00:00'),(31,32,'2020-10-12','16:00:00'),(32,71,'2020-06-29','21:00:00'),(33,11,'2021-01-09','12:00:00'),(34,37,'2020-07-17','21:00:00'),(35,58,'2020-07-11','22:00:00'),(36,60,'2020-11-24','22:00:00'),(37,60,'2020-10-25','22:00:00'),(38,90,'2020-04-14','17:00:00'),(39,52,'2020-11-13','19:00:00'),(40,9,'2020-05-18','23:00:00'),(41,61,'2020-03-10','07:00:00'),(42,22,'2020-09-12','14:00:00'),(43,20,'2020-10-30','01:00:00'),(44,80,'2020-12-10','11:00:00'),(45,40,'2020-02-15','05:00:00'),(46,5,'2020-09-08','15:00:00'),(47,86,'2020-12-16','11:00:00'),(48,20,'2020-08-17','09:00:00'),(49,6,'2020-02-27','13:00:00'),(50,96,'2020-10-16','16:00:00'),(51,9,'2020-05-23','17:00:00'),(52,4,'2020-06-24','14:00:00'),(53,56,'2020-02-11','17:00:00'),(54,70,'2021-01-07','19:00:00'),(55,44,'2020-08-27','20:00:00'),(56,19,'2020-02-10','21:00:00'),(57,77,'2020-06-27','19:00:00'),(58,86,'2020-12-30','07:00:00'),(59,83,'2020-06-04','04:00:00'),(60,36,'2021-01-08','20:00:00'),(61,100,'2020-09-25','19:00:00'),(62,5,'2020-07-03','11:00:00'),(63,73,'2020-03-18','23:00:00'),(64,61,'2020-06-09','09:00:00'),(65,92,'2020-06-17','23:00:00'),(66,66,'2020-11-15','16:00:00'),(67,8,'2020-11-20','12:00:00'),(68,100,'2020-09-16','13:00:00'),(69,99,'2020-10-11','02:00:00'),(70,21,'2020-08-29','22:00:00'),(71,66,'2020-11-11','06:00:00'),(72,93,'2020-03-27','12:00:00'),(73,69,'2020-06-23','20:00:00'),(74,43,'2020-07-28','16:00:00'),(75,8,'2020-04-30','21:00:00'),(76,87,'2020-10-29','08:00:00'),(77,22,'2021-01-16','02:00:00'),(78,81,'2020-08-18','10:00:00'),(79,3,'2020-11-29','21:00:00'),(80,36,'2020-07-28','02:00:00'),(81,74,'2021-01-08','20:00:00'),(82,96,'2020-04-13','19:00:00'),(83,47,'2020-03-31','14:00:00'),(84,53,'2020-04-12','11:00:00'),(85,32,'2020-07-23','13:00:00'),(86,71,'2020-11-08','07:00:00'),(87,10,'2020-06-26','19:00:00'),(88,94,'2020-10-02','03:00:00'),(89,18,'2020-03-18','08:00:00'),(90,1,'2020-09-11','04:00:00'),(91,95,'2020-09-27','23:00:00'),(92,61,'2020-07-02','05:00:00'),(93,41,'2020-03-08','05:00:00'),(94,83,'2020-04-25','10:00:00'),(95,91,'2020-11-29','12:00:00'),(96,79,'2020-07-09','03:00:00'),(97,73,'2020-10-04','05:00:00'),(98,8,'2020-02-18','16:00:00'),(99,76,'2020-04-09','17:00:00'),(100,49,'2020-11-10','14:00:00');
/*!40000 ALTER TABLE `afisha` ENABLE KEYS */;
UNLOCK TABLES;

--
-- Temporary view structure for view `afisha_cinema`
--

DROP TABLE IF EXISTS `afisha_cinema`;
/*!50001 DROP VIEW IF EXISTS `afisha_cinema`*/;
SET @saved_cs_client     = @@character_set_client;
/*!50503 SET character_set_client = utf8mb4 */;
/*!50001 CREATE VIEW `afisha_cinema` AS SELECT 
 1 AS `name_of_cinema`,
 1 AS `city_id`,
 1 AS `cinema_address`,
 1 AS `city_name`,
 1 AS `id`,
 1 AS `session_data`,
 1 AS `session_time`,
 1 AS `id_of_afisha`,
 1 AS `afisha_id`,
 1 AS `name_of_movie`*/;
SET character_set_client = @saved_cs_client;

--
-- Table structure for table `cinemas`
--

DROP TABLE IF EXISTS `cinemas`;
/*!40101 SET @saved_cs_client     = @@character_set_client */;
/*!50503 SET character_set_client = utf8mb4 */;
CREATE TABLE `cinemas` (
  `id` int(10) unsigned NOT NULL AUTO_INCREMENT,
  `name` varchar(150) CHARACTER SET utf8 COLLATE utf8_unicode_ci NOT NULL,
  `cinema_address` varchar(255) CHARACTER SET utf8 COLLATE utf8_unicode_ci NOT NULL,
  `city_id` int(10) unsigned NOT NULL,
  PRIMARY KEY (`id`),
  KEY `cinemas_city_id_fk` (`city_id`),
  CONSTRAINT `cinemas_city_id_fk` FOREIGN KEY (`city_id`) REFERENCES `cities` (`id`) ON DELETE CASCADE
) ENGINE=InnoDB AUTO_INCREMENT=101 DEFAULT CHARSET=utf8 COLLATE=utf8_unicode_ci COMMENT='Кинотеатр';
/*!40101 SET character_set_client = @saved_cs_client */;

--
-- Dumping data for table `cinemas`
--

LOCK TABLES `cinemas` WRITE;
/*!40000 ALTER TABLE `cinemas` DISABLE KEYS */;
INSERT INTO `cinemas` VALUES (1,'Aut aut voluptas.','131 Volkman Manors',22),(2,'Suscipit dolore.','91564 Bernier Track Suite 223',21),(3,'Veritatis est perferendis sint ut.','3908 Dorothy Mountain Apt. 480',16),(4,'Voluptates velit aspernatur.','93042 Monroe Ports',10),(5,'Libero iste tempore ut.','862 Abernathy Mission',24),(6,'Aut ab.','2994 Friesen Mills Suite 418',20),(7,'Deserunt dolor illo et.','2519 Greenholt Keys',22),(8,'Quos ipsum dolores.','890 Damaris Turnpike Suite 205',10),(9,'Ut voluptatem non.','524 Mraz Streets',19),(10,'Quis nostrum placeat.','52704 Crona Port Apt. 715',5),(11,'Ab ad aperiam rerum.','70323 Ezekiel Points Suite 453',3),(12,'Illum sapiente natus laudantium.','17209 Bednar Alley Suite 180',11),(13,'Ut error possimus.','112 Toy Bridge',19),(14,'Inventore quibusdam accusamus.','0340 Kessler Fields Suite 427',22),(15,'Eligendi quaerat odio aliquid.','980 Ethel Locks Apt. 778',2),(16,'Quo reprehenderit.','13143 Graham Ports Suite 624',1),(17,'Aut iusto rerum sit.','5569 Myrl Club Suite 679',6),(18,'Quae numquam omnis.','8948 Heathcote Greens Apt. 464',13),(19,'Ipsa veritatis dignissimos.','948 Kuphal Alley Suite 574',3),(20,'Quam voluptates aperiam.','278 Arden Causeway',22),(21,'Dolorum accusamus eligendi nobis.','638 Brown Estate',15),(22,'In assumenda labore.','94657 Hegmann Well Apt. 038',21),(23,'Consectetur autem quae non.','688 Leannon Ranch',9),(24,'Quasi omnis aut error.','862 Maeve Lakes',15),(25,'Sequi illum est ut.','353 Gerhold Plaza Suite 523',5),(26,'Suscipit atque sed.','69625 Javonte Grove',10),(27,'Beatae molestiae recusandae.','3389 Smitham Fort',13),(28,'Dicta reprehenderit commodi accusamus illum.','41064 Mayert Tunnel Apt. 844',24),(29,'Deserunt commodi vel eaque.','4181 Shanahan Junction',15),(30,'Reiciendis illo expedita.','50297 Wyman Crossing',6),(31,'Dolore id ut unde.','65877 Kaleb Pass Suite 629',21),(32,'Nisi magnam rerum.','777 Margaretta Port',22),(33,'Totam illo alias quod.','61544 Genesis Trace Suite 421',1),(34,'Nihil facilis quod et.','21109 Rachael Views Suite 016',2),(35,'Perspiciatis id.','9984 Talia Cove',7),(36,'Quo illum quidem facilis consequatur.','01442 Frami Trafficway Suite 215',23),(37,'Iure distinctio earum aut.','01604 Gottlieb Walk',4),(38,'Cupiditate odio similique illo et.','817 Steve Crossroad',14),(39,'Eos iure magni.','207 Schmeler Curve Apt. 360',17),(40,'Vero expedita quibusdam.','5152 Krajcik Road Suite 208',7),(41,'Harum enim saepe explicabo.','05885 Tony Stream Apt. 538',11),(42,'Id dicta.','641 Bechtelar Turnpike Suite 066',8),(43,'Inventore cumque corrupti eligendi magni.','2168 Lourdes Isle Apt. 308',18),(44,'Aut quidem repellat molestiae.','44909 Marlin Stream Suite 726',5),(45,'Modi dignissimos eveniet commodi.','322 Dickinson Square Suite 236',24),(46,'Omnis quo quidem excepturi.','3829 Shayne Locks Suite 008',21),(47,'Enim explicabo.','296 Dolly Island',9),(48,'Quo et neque qui.','3741 Gerlach Knoll Apt. 970',20),(49,'Ad eius amet.','97369 Berge Via',25),(50,'Et nihil quaerat tempora autem.','599 Raquel Highway',7),(51,'Omnis quis qui.','6271 Bradley Mountain Suite 357',3),(52,'Omnis mollitia vitae omnis est.','92967 Konopelski Highway Suite 641',1),(53,'Ad deleniti enim voluptatem.','6751 Kaitlin Drive Suite 048',12),(54,'Sunt autem corrupti.','74670 Alexandrine Park Suite 943',14),(55,'Inventore omnis fugiat iure nesciunt.','861 Kathryn Tunnel',17),(56,'Ea eveniet magnam enim.','991 Kuhlman Plaza',25),(57,'Unde saepe sed quasi.','2130 Luz Orchard',14),(58,'Consequatur quaerat voluptas enim.','9320 Aufderhar Mission',8),(59,'Quo earum iure.','25630 Barry Wall Suite 407',19),(60,'Sunt consequatur.','23804 Block Prairie Apt. 477',21),(61,'In vitae ea.','3727 Quitzon Island',26),(62,'Facilis omnis qui.','89296 Stroman Prairie',8),(63,'Quidem rerum impedit voluptatibus consequatur.','1725 Cormier Plaza',16),(64,'Quia rerum blanditiis.','449 Flatley Views',10),(65,'Velit autem delectus.','670 Quitzon Ferry',10),(66,'Repudiandae praesentium quae ex fugiat.','5789 Hagenes Common Suite 391',6),(67,'Temporibus sint aut quia consequatur.','717 Jenkins Tunnel',17),(68,'Provident odit aut dolores.','625 Dooley Fort',17),(69,'Officiis labore qui rem.','7798 Dixie Branch',2),(70,'Repellendus dolore cupiditate accusamus.','1011 Mayert Views',18),(71,'Architecto nulla illo.','4267 Isaac Mountain Suite 697',18),(72,'Eum soluta voluptas.','91876 Jenkins Glen',11),(73,'Et non maiores.','655 Beahan Club',1),(74,'Facere pariatur exercitationem inventore.','93811 Joannie Ports',21),(75,'Qui expedita assumenda recusandae voluptas.','615 Schinner Hill',3),(76,'Omnis assumenda ut.','57800 Trenton Turnpike Suite 620',18),(77,'Id sapiente.','929 Cruickshank Center',24),(78,'Quo aut libero.','288 Adeline Plaza',12),(79,'Nam eos consequatur optio.','026 Jameson Dale Apt. 554',4),(80,'Dicta temporibus provident iure.','71273 Runolfsson Islands Suite 549',19),(81,'Modi architecto ducimus reiciendis.','617 Hegmann Hill Suite 735',26),(82,'Assumenda at excepturi.','48479 Rolfson Loaf Apt. 893',25),(83,'Enim debitis quas tempore.','282 Gottlieb Viaduct',10),(84,'Id aut in dignissimos ut.','974 Nikolaus Roads',23),(85,'Aut laudantium voluptas laborum ut.','337 Denesik Station',1),(86,'Eaque ea.','486 Gutmann Vista',1),(87,'Ea dolore dolore sit hic.','32011 Ryan Expressway Apt. 212',16),(88,'Est voluptatem facilis.','9222 Cole Circle',25),(89,'Placeat nam.','0904 Vickie Bridge',18),(90,'Rerum soluta consectetur.','98593 Skiles Alley',3),(91,'Eius nihil rerum.','258 Monte Stream Suite 044',21),(92,'Velit qui odit tempora.','402 Beier Summit',9),(93,'Et dolores nihil.','1821 Michaela Island Suite 340',25),(94,'Dignissimos omnis occaecati.','1304 Roob Way',22),(95,'Ad assumenda et et adipisci.','40546 Giovanna Village',10),(96,'Voluptatum vitae ad.','42576 Margot Greens Apt. 025',19),(97,'Ipsam delectus saepe.','559 Feest Route Apt. 375',18),(98,'Autem ea.','92129 Wilfrid River Suite 310',16),(99,'Fugit sed a.','388 Rossie Turnpike',3),(100,'Quas sit sit est.','140 Emmanuelle Streets Apt. 062',8);
/*!40000 ALTER TABLE `cinemas` ENABLE KEYS */;
UNLOCK TABLES;

--
-- Table structure for table `cities`
--

DROP TABLE IF EXISTS `cities`;
/*!40101 SET @saved_cs_client     = @@character_set_client */;
/*!50503 SET character_set_client = utf8mb4 */;
CREATE TABLE `cities` (
  `id` int(10) unsigned NOT NULL AUTO_INCREMENT,
  `city_name` varchar(150) NOT NULL,
  PRIMARY KEY (`id`)
) ENGINE=InnoDB AUTO_INCREMENT=27 DEFAULT CHARSET=utf8mb4 COLLATE=utf8mb4_0900_ai_ci COMMENT='города';
/*!40101 SET character_set_client = @saved_cs_client */;

--
-- Dumping data for table `cities`
--

LOCK TABLES `cities` WRITE;
/*!40000 ALTER TABLE `cities` DISABLE KEYS */;
INSERT INTO `cities` VALUES (1,'Москва'),(2,'Санкт-Петербург'),(3,'Новосибирск'),(4,'Екатеринбург'),(5,'Нижний Новгород'),(6,'Казань'),(7,'Челябинск'),(8,'Омск'),(9,'Самара'),(10,'Ростов-на-Дону'),(11,'Уфа'),(12,'Красноярск'),(13,'Воронеж'),(14,'Пермь'),(15,'Волгоград'),(16,'Краснодар'),(17,'Саратов'),(18,'Тюмень'),(19,'Тольятти'),(20,'Ижевск'),(21,'Барнаул'),(22,'Ульяновск'),(23,'Иркутск'),(24,'Хабаровск'),(25,'Ярославль'),(26,'Владивосток');
/*!40000 ALTER TABLE `cities` ENABLE KEYS */;
UNLOCK TABLES;

--
-- Table structure for table `countries`
--

DROP TABLE IF EXISTS `countries`;
/*!40101 SET @saved_cs_client     = @@character_set_client */;
/*!50503 SET character_set_client = utf8mb4 */;
CREATE TABLE `countries` (
  `id` int(10) unsigned NOT NULL AUTO_INCREMENT,
  `city_name` varchar(150) CHARACTER SET utf8 COLLATE utf8_unicode_ci NOT NULL,
  PRIMARY KEY (`id`)
) ENGINE=InnoDB AUTO_INCREMENT=101 DEFAULT CHARSET=utf8 COLLATE=utf8_unicode_ci COMMENT='Страны';
/*!40101 SET character_set_client = @saved_cs_client */;

--
-- Dumping data for table `countries`
--

LOCK TABLES `countries` WRITE;
/*!40000 ALTER TABLE `countries` DISABLE KEYS */;
INSERT INTO `countries` VALUES (1,'USA'),(2,'Russia'),(3,'United Kingdom'),(4,'Micronesia'),(5,'Lithuania'),(6,'Equatorial Guinea'),(7,'Morocco'),(8,'Djibouti'),(9,'Mauritius'),(10,'Switzerland'),(11,'Dominican Republic'),(12,'Liberia'),(13,'Panama'),(14,'Tokelau'),(15,'Qatar'),(16,'Albania'),(17,'Haiti'),(18,'Tokelau'),(19,'Papua New Guinea'),(20,'Japan'),(21,'Moldova'),(22,'Seychelles'),(23,'Senegal'),(24,'Saudi Arabia'),(25,'Jersey'),(26,'Marshall Islands'),(27,'Trinidad and Tobago'),(28,'Guam'),(29,'Heard Island and McDonald Islands'),(30,'Sao Tome and Principe'),(31,'Germany'),(32,'Albania'),(33,'Mozambique'),(34,'Somalia'),(35,'Czech Republic'),(36,'Peru'),(37,'Netherlands Antilles'),(38,'Rwanda'),(39,'Egypt'),(40,'Estonia'),(41,'Greece'),(42,'Andorra'),(43,'Samoa'),(44,'Samoa'),(45,'Liberia'),(46,'Kuwait'),(47,'Saint Martin'),(48,'Saint Barthelemy'),(49,'Burkina Faso'),(50,'Kyrgyz Republic');
/*!40000 ALTER TABLE `countries` ENABLE KEYS */;
UNLOCK TABLES;

--
-- Table structure for table `genres`
--

DROP TABLE IF EXISTS `genres`;
/*!40101 SET @saved_cs_client     = @@character_set_client */;
/*!50503 SET character_set_client = utf8mb4 */;
CREATE TABLE `genres` (
  `id` int(10) unsigned NOT NULL AUTO_INCREMENT,
  `name` varchar(100) NOT NULL,
  PRIMARY KEY (`id`),
  UNIQUE KEY `name` (`name`)
) ENGINE=InnoDB AUTO_INCREMENT=33 DEFAULT CHARSET=utf8mb4 COLLATE=utf8mb4_0900_ai_ci COMMENT='Жанр фильма';
/*!40101 SET character_set_client = @saved_cs_client */;

--
-- Dumping data for table `genres`
--

LOCK TABLES `genres` WRITE;
/*!40000 ALTER TABLE `genres` DISABLE KEYS */;
INSERT INTO `genres` VALUES (1,'аниме'),(2,'биографический'),(3,'боевик'),(4,'вестерн'),(5,'военный'),(6,'детектив'),(7,'детский'),(8,'документальный'),(9,'драма'),(10,'исторический'),(11,'кинокомикс'),(12,'комедия'),(13,'концерт'),(14,'короткометражный'),(15,'криминал'),(16,'мелодрама'),(17,'мистика'),(18,'музыка'),(19,'мультфильм'),(20,'мюзикл'),(21,'научный'),(22,'приключения'),(23,'реалити-шоу'),(24,'семейный'),(25,'спорт'),(26,'ток-шоу'),(27,'триллер'),(28,'ужасы'),(29,'фантастика'),(30,'фильм-нуар'),(31,'фэнтези'),(32,'эротика');
/*!40000 ALTER TABLE `genres` ENABLE KEYS */;
UNLOCK TABLES;

--
-- Table structure for table `images`
--

DROP TABLE IF EXISTS `images`;
/*!40101 SET @saved_cs_client     = @@character_set_client */;
/*!50503 SET character_set_client = utf8mb4 */;
CREATE TABLE `images` (
  `id` int(10) unsigned NOT NULL AUTO_INCREMENT,
  `image_name` varchar(250) CHARACTER SET utf8 COLLATE utf8_unicode_ci NOT NULL,
  `size` int(11) NOT NULL,
  PRIMARY KEY (`id`)
) ENGINE=InnoDB AUTO_INCREMENT=101 DEFAULT CHARSET=utf8 COLLATE=utf8_unicode_ci COMMENT='Изображения';
/*!40101 SET character_set_client = @saved_cs_client */;

--
-- Dumping data for table `images`
--

LOCK TABLES `images` WRITE;
/*!40000 ALTER TABLE `images` DISABLE KEYS */;
INSERT INTO `images` VALUES (1,'Nam aut voluptates.',13181),(2,'Delectus dolore at.',14631),(3,'Eos nesciunt.',22168),(4,'Ad eum.',25375),(5,'Dolorem veritatis.',17336),(6,'Eos cum repudiandae.',2984),(7,'Et perferendis.',17514),(8,'Doloribus aspernatur aut.',12661),(9,'Dolores nostrum.',21834),(10,'At pariatur.',20388),(11,'Id qui sit.',11533),(12,'Assumenda iure.',16832),(13,'Et voluptates.',18651),(14,'Quod eligendi sunt.',21935),(15,'A harum.',28886),(16,'Consequatur tempora doloremque.',8892),(17,'Veritatis iure.',10269),(18,'Cumque minus.',9510),(19,'Enim in.',28363),(20,'Facilis a.',21758),(21,'Et odit.',16732),(22,'Deleniti et.',11390),(23,'Optio harum.',9197),(24,'Et qui non.',12950),(25,'Voluptates ipsa.',13184),(26,'Maxime iusto quia.',8904),(27,'Magni neque alias.',22133),(28,'Sed tenetur dolore.',23758),(29,'Asperiores et molestias.',14353),(30,'Modi nemo.',170),(31,'Delectus quibusdam tenetur.',28959),(32,'Dolores quasi.',17082),(33,'Quasi dolor fugit.',15022),(34,'Praesentium ut enim.',19743),(35,'Libero numquam nam.',19275),(36,'Quisquam numquam temporibus.',3325),(37,'In consequuntur sed.',19712),(38,'Qui odio quos.',23486),(39,'Facilis qui.',29084),(40,'Quae illo magni.',18351),(41,'Explicabo id.',27363),(42,'Qui et.',7727),(43,'Velit nihil assumenda.',24885),(44,'Quae et.',8086),(45,'Aut aperiam.',14756),(46,'Autem cupiditate quia.',22796),(47,'Provident maxime.',14258),(48,'Ut perspiciatis sunt.',28769),(49,'Quia id.',23644),(50,'Repudiandae molestiae.',22727),(51,'Porro repellat.',26971),(52,'Sed veritatis facere.',12608),(53,'Ex voluptas.',7434),(54,'Itaque enim culpa.',11864),(55,'Ut et ut.',6222),(56,'Minima qui.',1768),(57,'Tempore quia quibusdam.',5007),(58,'Est provident corporis.',24379),(59,'Totam odio praesentium.',8164),(60,'Deserunt aut numquam.',10249),(61,'Possimus esse ducimus.',16960),(62,'Quas autem voluptas.',17767),(63,'Corporis possimus nesciunt.',17016),(64,'Culpa sit similique.',9069),(65,'Laborum pariatur.',8976),(66,'Omnis aliquam aut.',6889),(67,'Repellat est.',29784),(68,'Aut aut ut.',1556),(69,'Est id.',22631),(70,'Aut ut.',11020),(71,'Totam quo exercitationem.',7289),(72,'Voluptatem et.',18201),(73,'Possimus voluptatem ab.',13700),(74,'Aut quasi eius.',3865),(75,'Debitis reiciendis sed.',11466),(76,'Quidem accusamus.',6250),(77,'Dolores amet.',25200),(78,'Dolor aliquam odio.',17589),(79,'Sint amet.',22763),(80,'Laboriosam excepturi.',19733),(81,'Aliquam ea.',1868),(82,'Qui alias aliquam.',16796),(83,'Rerum magni.',10532),(84,'Nihil et.',3540),(85,'Quaerat saepe.',562),(86,'Et quaerat odit.',23730),(87,'Suscipit voluptates provident.',781),(88,'Distinctio perspiciatis.',24646),(89,'Molestias totam.',17333),(90,'Quas modi suscipit.',11533),(91,'Vitae eos.',949),(92,'Soluta repudiandae aut.',2433),(93,'Facere corporis aliquam.',4118),(94,'Possimus nesciunt aut.',19707),(95,'Laborum libero ut.',29151),(96,'Eum ea.',24124),(97,'Earum sequi.',12190),(98,'Omnis ea architecto.',4547),(99,'Laborum et consequatur.',962),(100,'Architecto beatae.',5317);
/*!40000 ALTER TABLE `images` ENABLE KEYS */;
UNLOCK TABLES;

--
-- Table structure for table `languages`
--

DROP TABLE IF EXISTS `languages`;
/*!40101 SET @saved_cs_client     = @@character_set_client */;
/*!50503 SET character_set_client = utf8mb4 */;
CREATE TABLE `languages` (
  `id` int(10) unsigned NOT NULL AUTO_INCREMENT,
  `name` varchar(100) CHARACTER SET utf8 COLLATE utf8_unicode_ci NOT NULL,
  PRIMARY KEY (`id`),
  UNIQUE KEY `name` (`name`)
) ENGINE=InnoDB AUTO_INCREMENT=25 DEFAULT CHARSET=utf8 COLLATE=utf8_unicode_ci COMMENT='Языки';
/*!40101 SET character_set_client = @saved_cs_client */;

--
-- Dumping data for table `languages`
--

LOCK TABLES `languages` WRITE;
/*!40000 ALTER TABLE `languages` DISABLE KEYS */;
INSERT INTO `languages` VALUES (2,'Английский'),(22,'Арабский'),(21,'Бенгальский'),(10,'Вьетнамский'),(4,'Гуджарати'),(24,'Испанский'),(6,'Итальянский'),(3,'Китайский'),(13,'Корейский'),(18,'Лахнда (Западный панджаби)'),(15,'Малайский'),(17,'Маратхи'),(11,'Немецкий'),(5,'Персидский'),(20,'Португальский'),(1,'Русский'),(9,'Тамильский'),(16,'Телугу'),(14,'Турецкий'),(8,'Урду'),(12,'Французский'),(23,'Хинди'),(7,'Яванский'),(19,'Японский');
/*!40000 ALTER TABLE `languages` ENABLE KEYS */;
UNLOCK TABLES;

--
-- Table structure for table `likes_testimonails`
--

DROP TABLE IF EXISTS `likes_testimonails`;
/*!40101 SET @saved_cs_client     = @@character_set_client */;
/*!50503 SET character_set_client = utf8mb4 */;
CREATE TABLE `likes_testimonails` (
  `id` int(10) unsigned NOT NULL AUTO_INCREMENT,
  `user_id` int(10) unsigned NOT NULL,
  `testimonial_id` int(10) unsigned NOT NULL,
  `created_at` datetime DEFAULT CURRENT_TIMESTAMP,
  PRIMARY KEY (`id`),
  KEY `likes_testimonail_user_id_fk` (`user_id`),
  KEY `likes_testimonail_testimonial_id_fk` (`testimonial_id`),
  CONSTRAINT `likes_testimonail_testimonial_id_fk` FOREIGN KEY (`testimonial_id`) REFERENCES `testimonials` (`id`) ON DELETE CASCADE,
  CONSTRAINT `likes_testimonail_user_id_fk` FOREIGN KEY (`user_id`) REFERENCES `users` (`id`) ON DELETE CASCADE
) ENGINE=InnoDB AUTO_INCREMENT=101 DEFAULT CHARSET=utf8mb4 COLLATE=utf8mb4_0900_ai_ci;
/*!40101 SET character_set_client = @saved_cs_client */;

--
-- Dumping data for table `likes_testimonails`
--

LOCK TABLES `likes_testimonails` WRITE;
/*!40000 ALTER TABLE `likes_testimonails` DISABLE KEYS */;
INSERT INTO `likes_testimonails` VALUES (1,85,97,'2012-11-15 11:05:01'),(2,35,21,'2000-10-03 10:05:09'),(3,71,48,'1986-02-03 01:52:10'),(4,5,93,'1981-09-30 03:04:51'),(5,78,37,'2008-09-04 12:52:48'),(6,65,95,'1973-05-05 23:12:28'),(7,79,62,'1996-10-08 18:53:54'),(8,49,92,'1993-08-13 07:26:31'),(9,73,58,'1974-09-10 12:22:38'),(10,13,91,'2017-05-25 19:51:35'),(11,61,32,'2008-04-09 14:07:32'),(12,53,79,'2002-07-21 20:10:52'),(13,18,34,'2009-04-01 03:23:05'),(14,88,16,'1992-01-13 09:01:21'),(15,77,44,'2011-03-16 18:23:33'),(16,9,50,'2018-05-21 01:58:12'),(17,58,67,'1986-12-03 11:02:50'),(18,53,85,'1989-02-25 21:42:51'),(19,91,58,'1981-08-04 09:19:22'),(20,21,3,'1991-05-02 05:27:42'),(21,53,21,'2012-01-17 08:34:38'),(22,26,49,'2003-01-28 20:16:15'),(23,54,97,'1982-04-03 13:24:14'),(24,26,84,'1983-08-24 07:15:14'),(25,81,66,'1997-06-17 06:13:53'),(26,43,84,'1977-06-30 14:11:20'),(27,15,22,'1999-03-22 08:30:12'),(28,76,18,'2001-03-05 15:31:46'),(29,54,43,'2014-05-28 20:50:21'),(30,69,13,'2019-04-17 01:24:10'),(31,1,20,'1999-08-09 07:35:56'),(32,41,91,'1993-08-06 21:49:36'),(33,56,93,'1993-02-23 20:57:43'),(34,38,76,'1991-01-26 10:19:03'),(35,63,78,'1984-03-07 21:56:18'),(36,55,13,'1973-12-28 14:06:20'),(37,73,24,'2016-07-01 07:37:49'),(38,11,86,'2013-11-05 23:58:30'),(39,38,20,'2016-11-13 11:23:25'),(40,10,53,'1980-11-01 23:28:20'),(41,7,64,'2008-09-14 14:15:21'),(42,56,28,'1974-01-29 20:48:55'),(43,76,48,'1991-03-18 06:16:53'),(44,3,75,'1973-08-11 20:21:34'),(45,94,62,'2000-05-18 02:36:26'),(46,20,29,'2013-10-15 01:24:27'),(47,78,45,'2004-11-03 22:53:54'),(48,15,90,'2018-04-07 21:22:27'),(49,30,14,'2019-03-23 19:42:56'),(50,56,43,'2011-04-15 21:06:12'),(51,38,32,'1984-10-20 18:20:21'),(52,21,24,'2015-09-02 10:13:24'),(53,44,98,'1981-07-17 13:36:41'),(54,20,47,'1996-04-06 02:08:23'),(55,2,74,'1972-12-21 16:55:51'),(56,15,2,'2004-07-03 17:19:44'),(57,41,2,'2001-03-15 20:37:54'),(58,93,57,'1982-09-07 15:41:13'),(59,68,68,'1989-07-18 16:04:28'),(60,8,39,'2016-08-25 11:48:20'),(61,87,76,'1990-10-01 23:19:32'),(62,89,16,'2009-05-30 04:06:22'),(63,47,70,'2017-02-22 17:16:52'),(64,9,76,'1995-01-26 03:08:42'),(65,72,50,'1983-02-23 06:34:53'),(66,51,75,'1995-04-15 02:42:40'),(67,96,61,'1976-04-30 07:52:32'),(68,19,36,'1977-12-28 03:55:54'),(69,96,46,'2001-08-22 04:43:46'),(70,37,11,'2006-07-06 13:26:32'),(71,77,32,'2001-02-20 16:45:30'),(72,55,88,'1993-10-13 08:09:06'),(73,13,77,'1998-02-10 04:49:47'),(74,77,64,'2010-12-09 18:52:53'),(75,63,75,'1970-08-02 16:35:15'),(76,73,34,'2007-05-27 09:38:49'),(77,21,14,'2014-08-21 05:57:39'),(78,4,18,'2011-09-17 10:43:31'),(79,47,28,'1975-01-27 06:35:44'),(80,62,37,'1993-07-04 13:15:24'),(81,4,83,'1974-07-23 07:27:01'),(82,90,5,'1992-11-17 11:14:39'),(83,25,63,'1988-03-15 19:45:38'),(84,82,35,'1985-11-04 06:50:51'),(85,42,84,'2019-07-04 01:25:42'),(86,42,77,'1995-12-13 03:01:27'),(87,62,70,'1998-05-02 15:00:00'),(88,82,19,'1984-01-19 02:58:26'),(89,24,83,'2015-09-18 11:47:21'),(90,70,42,'1999-08-13 16:47:54'),(91,11,89,'1973-10-17 00:27:11'),(92,30,99,'1995-08-22 23:37:49'),(93,66,99,'1975-05-11 23:39:54'),(94,12,93,'2010-05-02 01:35:51'),(95,44,55,'1970-12-11 05:59:08'),(96,81,59,'1996-12-19 08:46:36'),(97,50,74,'1983-09-04 18:13:03'),(98,82,72,'2001-09-12 11:50:34'),(99,60,15,'2015-10-29 06:17:44'),(100,91,61,'1992-06-16 08:01:35');
/*!40000 ALTER TABLE `likes_testimonails` ENABLE KEYS */;
UNLOCK TABLES;

--
-- Table structure for table `messages`
--

DROP TABLE IF EXISTS `messages`;
/*!40101 SET @saved_cs_client     = @@character_set_client */;
/*!50503 SET character_set_client = utf8mb4 */;
CREATE TABLE `messages` (
  `id` int(10) unsigned NOT NULL AUTO_INCREMENT,
  `from_user_id` int(10) unsigned NOT NULL,
  `body` text CHARACTER SET utf8 COLLATE utf8_unicode_ci NOT NULL,
  `is_important` tinyint(1) DEFAULT NULL,
  `create_at` datetime DEFAULT CURRENT_TIMESTAMP,
  `to_user_id` int(10) unsigned NOT NULL,
  PRIMARY KEY (`id`),
  KEY `messages_testimonial_from_user_id_fk` (`from_user_id`),
  CONSTRAINT `messages_testimonial_from_user_id_fk` FOREIGN KEY (`from_user_id`) REFERENCES `users` (`id`) ON DELETE CASCADE
) ENGINE=InnoDB AUTO_INCREMENT=101 DEFAULT CHARSET=utf8 COLLATE=utf8_unicode_ci COMMENT='сообщения';
/*!40101 SET character_set_client = @saved_cs_client */;

--
-- Dumping data for table `messages`
--

LOCK TABLES `messages` WRITE;
/*!40000 ALTER TABLE `messages` DISABLE KEYS */;
INSERT INTO `messages` VALUES (1,93,'King, \'or I\'ll have you executed on the OUTSIDE.\' He unfolded the paper as he fumbled over the wig, (look at the Hatter, it woke up again with a growl, And concluded the banquet--] \'What IS the.',0,'1998-10-26 13:12:29',73),(2,64,'However, it was looking up into a pig,\' Alice quietly said, just as she could have been changed for Mabel! I\'ll try if I shall have to ask the question?\' said the Duck: \'it\'s generally a ridge or.',1,'1976-03-22 22:56:23',92),(3,54,'Mock Turtle, \'they--you\'ve seen them, of course?\' \'Yes,\' said Alice, \'a great girl like you,\' (she might well say that \"I see what was on the ground near the house down!\' said the Hatter. \'Does YOUR.',1,'1998-06-11 13:02:35',40),(4,62,'I tell you!\' said Alice. \'That\'s the judge,\' she said to the Caterpillar, and the cool fountains. CHAPTER VIII. The Queen\'s argument was, that anything that had made out what it might happen any.',1,'1979-08-27 19:19:47',23),(5,67,'Hatter said, tossing his head sadly. \'Do I look like one, but it was talking in his turn; and both footmen, Alice noticed, had powdered hair that curled all over their heads. She felt very curious.',0,'1987-07-18 03:21:11',94),(6,71,'Hatter. \'It isn\'t a bird,\' Alice remarked. \'Right, as usual,\' said the King. Here one of the Queen\'s absence, and were quite silent, and looked at them with the next question is, what?\' The great.',1,'2015-04-21 04:01:21',2),(7,42,'March Hare said--\' \'I didn\'t!\' the March Hare said to herself, \'it would be like, but it puzzled her too much, so she helped herself to some tea and bread-and-butter, and then quietly marched off.',0,'1984-07-19 05:00:45',26),(8,89,'Alice said very politely, \'if I had our Dinah here, I know I have ordered\'; and she went to school every day--\' \'I\'VE been to her, one on each side to guard him; and near the centre of the March.',1,'1991-12-27 07:28:13',22),(9,45,'Dodo said, \'EVERYBODY has won, and all the while, and fighting for the end of half an hour or so there were no tears. \'If you\'re going to shrink any further: she felt very lonely and low-spirited..',0,'2012-06-30 13:10:54',35),(10,93,'I can kick a little!\' She drew her foot slipped, and in his note-book, cackled out \'Silence!\' and read out from his book, \'Rule Forty-two. ALL PERSONS MORE THAN A MILE HIGH TO LEAVE THE COURT.\'.',1,'2017-07-30 02:14:31',7),(11,49,'White Rabbit. She was a very humble tone, going down on the bank, with her head through the neighbouring pool--she could hear him sighing as if she meant to take out of sight: then it chuckled..',1,'1991-02-28 00:00:06',29),(12,51,'Yet you balanced an eel on the trumpet, and then keep tight hold of this ointment--one shilling the box-- Allow me to introduce some other subject of conversation. \'Are you--are you fond--of--of.',0,'1983-11-22 13:34:00',25),(13,7,'However, when they liked, and left off quarrelling with the grin, which remained some time without interrupting it. \'They must go and take it away!\' There was a child,\' said the Hatter: \'as the.',1,'1980-08-01 14:21:17',37),(14,85,'Alice. \'I\'m glad I\'ve seen that done,\' thought Alice. One of the court, without even looking round. \'I\'ll fetch the executioner myself,\' said the Duchess; \'and the moral of THAT is--\"Take care of.',1,'2016-07-13 00:08:32',7),(15,18,'Elsie, Lacie, and Tillie; and they went on growing, and she tried to speak, and no room to grow to my right size again; and the baby violently up and ran till she was going to do anything but sit.',0,'2010-07-12 06:08:40',26),(16,35,'Alice. \'What IS a Caucus-race?\' said Alice; \'you needn\'t be afraid of it. She felt very curious to know your history, she do.\' \'I\'ll tell it her,\' said the Queen, \'and take this child away with me,\'.',1,'1995-10-05 03:22:44',8),(17,38,'So she set off at once without waiting for the White Rabbit: it was out of this was of very little use, as it went. So she stood still where she was, and waited. When the sands are all pardoned.\'.',0,'2002-09-16 13:59:30',62),(18,4,'Cat; and this Alice thought she might as well to introduce it.\' \'I don\'t see how he can thoroughly enjoy The pepper when he finds out who was a general chorus of \'There goes Bill!\' then the.',1,'2003-04-02 09:46:00',87),(19,60,'Only I don\'t put my arm round your waist,\' the Duchess was VERY ugly; and secondly, because she was to twist it up into a graceful zigzag, and was going to leave it behind?\' She said this last word.',0,'1999-03-31 21:52:10',47),(20,17,'I suppose?\' said Alice. \'Who\'s making personal remarks now?\' the Hatter said, turning to the rose-tree, she went on in the pool of tears which she had never seen such a pleasant temper, and thought.',1,'1998-01-16 05:55:46',73),(21,10,'Adventures of hers that you couldn\'t cut off a bit hurt, and she thought it must be shutting up like telescopes: this time she saw in my own tears! That WILL be a letter, after all: it\'s a set of.',0,'1972-11-13 04:30:10',25),(22,48,'Tarts? The King laid his hand upon her knee, and looking at Alice as he spoke. \'UNimportant, of course, Alice could hardly hear the name again!\' \'I won\'t indeed!\' said the Mouse, who was trembling.',1,'1996-03-15 22:59:44',4),(23,46,'Alice, so please your Majesty,\' the Hatter were having tea at it: a Dormouse was sitting next to no toys to play croquet.\' Then they all quarrel so dreadfully one can\'t hear oneself speak--and they.',0,'2007-11-17 21:22:17',44),(24,31,'King. \'Nothing whatever,\' said Alice. \'Oh, don\'t bother ME,\' said Alice doubtfully: \'it means--to--make--anything--prettier.\' \'Well, then,\' the Gryphon said to herself \'That\'s quite enough--I hope I.',0,'2002-09-24 14:28:15',7),(25,79,'Mock Turtle, \'but if they do, why then they\'re a kind of rule, \'and vinegar that makes them bitter--and--and barley-sugar and such things that make children sweet-tempered. I only knew how to spell.',1,'1986-03-23 23:03:21',5),(26,55,'KNOW IT TO BE TRUE--\" that\'s the jury, in a moment: she looked down, was an old conger-eel, that used to know. Let me see--how IS it to make out exactly what they WILL do next! If they had at the.',1,'1982-11-03 02:41:44',1),(27,96,'The moment Alice felt that she hardly knew what she did, she picked her way through the door, and tried to speak, but for a good deal on where you want to stay in here any longer!\' She waited for.',1,'1976-09-03 04:22:46',90),(28,71,'This time Alice waited patiently until it chose to speak good English); \'now I\'m opening out like the look of the country is, you ARE a simpleton.\' Alice did not at all like the look of it at all..',1,'1977-12-11 17:01:56',46),(29,38,'Queen said severely \'Who is this?\' She said the last word with such a hurry to change the subject. \'Go on with the Queen, and Alice guessed who it was, and, as a drawing of a candle is blown out,.',1,'2008-05-02 13:32:17',58),(30,40,'Alice crouched down among the bright flower-beds and the Dormouse again, so she sat on, with closed eyes, and feebly stretching out one paw, trying to touch her. \'Poor little thing!\' It did so.',1,'1979-01-04 05:26:08',53),(31,89,'Rabbit in a melancholy tone. \'Nobody seems to grin, How neatly spread his claws, And welcome little fishes in With gently smiling jaws!\' \'I\'m sure I\'m not looking for eggs, I know I have done that,.',1,'1995-12-02 05:20:47',89),(32,54,'Hatter. \'You might just as I\'d taken the highest tree in front of the singers in the shade: however, the moment how large she had finished, her sister kissed her, and the King said to itself in a.',1,'1986-06-17 01:20:51',86),(33,74,'I think--\' (she was obliged to say \"HOW DOTH THE LITTLE BUSY BEE,\" but it said in a low curtain she had someone to listen to her. The Cat seemed to have got into the wood to listen. The Fish-Footman.',0,'2018-01-05 06:05:38',64),(34,28,'Bill\'s place for a few minutes she heard a little glass table. \'Now, I\'ll manage better this time,\' she said to herself; \'his eyes are so VERY wide, but she remembered trying to put the Dormouse.',1,'2018-10-17 17:51:57',59),(35,71,'I shall fall right THROUGH the earth! How funny it\'ll seem, sending presents to one\'s own feet! And how odd the directions will look! ALICE\'S RIGHT FOOT, ESQ. HEARTHRUG, NEAR THE FENDER, (WITH.',0,'1970-02-24 11:36:48',4),(36,46,'Puss,\' she began, rather timidly, as she could. \'No,\' said the Duchess; \'I never was so small as this before, never! And I declare it\'s too bad, that it is!\' As she said to live. \'I\'ve seen hatters.',1,'1976-03-16 00:31:38',41),(37,8,'I don\'t keep the same thing a Lobster Quadrille The Mock Turtle a little snappishly. \'You\'re enough to try the experiment?\' \'HE might bite,\' Alice cautiously replied, not feeling at all for any.',0,'2003-04-26 09:17:21',92),(38,97,'Alice, rather doubtfully, as she passed; it was addressed to the fifth bend, I think?\' he said to herself as she could, for the immediate adoption of more broken glass.) \'Now tell me, Pat, what\'s.',0,'2005-11-04 17:08:18',37),(39,63,'Alice said; \'there\'s a large arm-chair at one corner of it: for she felt sure she would have this cat removed!\' The Queen turned crimson with fury, and, after waiting till she had never before seen.',1,'1984-07-14 00:28:35',8),(40,84,'Dormouse shall!\' they both bowed low, and their slates and pencils had been (Before she had to pinch it to be executed for having cheated herself in Wonderland, though she looked down at her hands,.',1,'1999-06-08 14:02:17',29),(41,67,'Dormouse followed him: the March Hare. \'It was a dead silence. Alice noticed with some surprise that the meeting adjourn, for the next witness was the King; and the baby joined):-- \'Wow! wow! wow!\'.',1,'1970-08-20 15:12:50',21),(42,47,'March Hare. \'I didn\'t mean it!\' pleaded poor Alice began to cry again. \'You ought to go down the little door, so she helped herself to about two feet high: even then she heard something like it,\'.',0,'1974-03-30 19:06:54',18),(43,14,'However, she did not like to be said. At last the Mouse, getting up and leave the room, when her eye fell upon a heap of sticks and dry leaves, and the King and Queen of Hearts, she made it out.',1,'1999-08-26 04:19:51',27),(44,18,'Gryphon; and then nodded. \'It\'s no use in knocking,\' said the King, going up to Alice, they all looked so good, that it might belong to one of the garden: the roses growing on it but tea. \'I don\'t.',0,'1971-03-31 21:33:41',80),(45,92,'She had not gone much farther before she had known them all her wonderful Adventures, till she had read about them in books, and she grew no larger: still it was too much overcome to do next, when.',0,'1991-08-12 09:56:19',18),(46,39,'The Dormouse shook its head impatiently, and walked two and two, as the door with his nose, and broke to pieces against one of them can explain it,\' said the Gryphon. \'How the creatures order one.',1,'1974-12-20 18:50:00',52),(47,88,'Gryphon. \'I mean, what makes them bitter--and--and barley-sugar and such things that make children sweet-tempered. I only wish people knew that: then they wouldn\'t be in Bill\'s place for a minute or.',0,'2001-12-03 11:36:36',3),(48,97,'You grant that?\' \'I suppose they are the jurors.\' She said it to her ear. \'You\'re thinking about something, my dear, and that in some alarm. This time there were ten of them, with her arms round it.',0,'1990-01-09 23:17:29',61),(49,92,'Caucus-race.\' \'What IS the same thing a bit!\' said the Dormouse, without considering at all anxious to have finished,\' said the Dodo, pointing to the other, looking uneasily at the window.\' \'THAT.',1,'1977-11-06 20:13:47',93),(50,93,'I find a thing,\' said the Cat. \'--so long as I do,\' said Alice timidly. \'Would you tell me,\' said Alice, who was a little pattering of feet on the glass table as before, \'It\'s all her knowledge of.',0,'2013-02-19 00:50:13',82),(51,52,'Long Tale They were indeed a queer-looking party that assembled on the same thing, you know.\' \'I don\'t know what a delightful thing a Lobster Quadrille The Mock Turtle\'s Story \'You can\'t think how.',0,'1983-03-16 21:55:31',30),(52,34,'Footman\'s head: it just now.\' \'It\'s the Cheshire Cat: now I shall be punished for it was quite impossible to say to itself \'The Duchess! The Duchess! Oh my dear Dinah! I wonder who will put on her.',0,'1996-03-29 00:57:37',4),(53,40,'He got behind him, and very soon finished it off. * * * * * * * * * * * * * * * \'Come, my head\'s free at last!\' said Alice very humbly: \'you had got burnt, and eaten up by wild beasts and other.',1,'2012-05-14 04:32:04',30),(54,20,'I know all the other two were using it as you liked.\' \'Is that the meeting adjourn, for the baby, it was as steady as ever; Yet you balanced an eel on the ground near the door with his nose Trims.',0,'1998-10-06 03:37:54',39),(55,16,'Mouse was speaking, so that it was impossible to say \"HOW DOTH THE LITTLE BUSY BEE,\" but it had gone. \'Well! I\'ve often seen them at dinn--\' she checked herself hastily. \'I don\'t know where Dinn may.',1,'2013-09-19 05:25:13',2),(56,43,'Dormouse,\' thought Alice; \'only, as it\'s asleep, I suppose it doesn\'t understand English,\' thought Alice; but she stopped hastily, for the moment she felt that it was too dark to see anything; then.',0,'2009-02-01 03:31:43',93),(57,92,'Dormouse,\' the Queen left off, quite out of a well--\' \'What did they draw the treacle from?\' \'You can draw water out of the door with his head!\' or \'Off with his head!\' or \'Off with his nose, and.',1,'1986-03-07 04:19:21',59),(58,31,'Lory, who at last came a little faster?\" said a sleepy voice behind her. \'Collar that Dormouse,\' the Queen said--\' \'Get to your places!\' shouted the Queen, tossing her head pressing against the roof.',0,'1999-03-10 09:11:52',14),(59,53,'Father William,\' the young lady tells us a story!\' said the Mock Turtle said: \'advance twice, set to work nibbling at the Mouse\'s tail; \'but why do you know about this business?\' the King in a great.',1,'1989-01-07 11:47:28',92),(60,79,'King. On this the White Rabbit interrupted: \'UNimportant, your Majesty means, of course,\' he said to the Mock Turtle: \'why, if a dish or kettle had been running half an hour or so, and giving it a.',0,'2008-01-14 23:52:07',19),(61,78,'Alice: \'three inches is such a very difficult game indeed. The players all played at once and put it right; \'not that it was too much pepper in that ridiculous fashion.\' And he got up this morning,.',0,'2001-04-08 23:00:14',17),(62,84,'I\'ll try if I would talk on such a subject! Our family always HATED cats: nasty, low, vulgar things! Don\'t let him know she liked them best, For this must be on the end of your nose-- What made you.',1,'1990-09-28 18:14:56',27),(63,90,'THIS!\' (Sounds of more broken glass.) \'Now tell me, please, which way I want to be?\' it asked. \'Oh, I\'m not Ada,\' she said, \'than waste it in a tone of great curiosity. \'It\'s a Cheshire cat,\' said.',1,'1990-12-17 09:05:59',83),(64,58,'WHAT things?\' said the King, and the Queen say only yesterday you deserved to be managed? I suppose it were white, but there were a Duck and a great hurry. \'You did!\' said the Mouse. \'Of course,\'.',0,'2019-03-17 01:34:54',33),(65,79,'Mock Turtle a little worried. \'Just about as she could. \'The game\'s going on within--a constant howling and sneezing, and every now and then, \'we went to the Mock Turtle repeated thoughtfully. \'I.',1,'1990-08-08 20:37:00',18),(66,10,'The Queen\'s argument was, that you never even introduced to a snail. \"There\'s a porpoise close behind us, and he\'s treading on my tail. See how eagerly the lobsters and the moon, and memory, and.',0,'1979-04-16 21:49:28',88),(67,11,'Alice alone with the name \'Alice!\' CHAPTER XII. Alice\'s Evidence \'Here!\' cried Alice, jumping up and saying, \'Thank you, sir, for your interesting story,\' but she remembered the number of changes.',0,'1992-11-15 18:59:23',88),(68,50,'Alice asked in a piteous tone. And she opened it, and found quite a large cauldron which seemed to have changed since her swim in the middle of her own children. \'How should I know?\' said Alice,.',1,'2005-02-22 02:38:40',75),(69,47,'COURT.\' Everybody looked at them with one eye; \'I seem to be\"--or if you\'d like it put more simply--\"Never imagine yourself not to make the arches. The chief difficulty Alice found at first was in.',0,'1989-07-18 23:33:52',9),(70,74,'Queen had never had to ask them what the moral of that dark hall, and wander about among those beds of bright flowers and those cool fountains, but she was quite out of their wits!\' So she began.',0,'1988-09-13 19:36:07',19),(71,19,'Alice said nothing: she had hurt the poor little feet, I wonder what CAN have happened to you? Tell us all about as curious as it left no mark on the spot.\' This did not dare to laugh; and, as she.',0,'1983-09-12 18:31:53',70),(72,34,'This is the use of repeating all that green stuff be?\' said Alice. \'I wonder how many miles I\'ve fallen by this time?\' she said to herself, as usual. \'Come, there\'s no use in crying like that!\' But.',0,'1996-07-27 18:36:35',92),(73,98,'Dodo suddenly called out as loud as she could see it trying in a melancholy air, and, after folding his arms and frowning at the other players, and shouting \'Off with her head through the wood. \'If.',0,'1976-11-09 11:20:12',48),(74,95,'Gryphon. \'--you advance twice--\' \'Each with a pair of white kid gloves and the Hatter instead!\' CHAPTER VII. A Mad Tea-Party There was a most extraordinary noise going on between the executioner,.',1,'2000-10-10 09:49:37',65),(75,17,'Alice, \'it would have called him Tortoise because he was speaking, so that by the officers of the hall: in fact she was now more than three.\' \'Your hair wants cutting,\' said the Queen, and Alice,.',1,'2000-02-09 03:03:04',79),(76,100,'Alice was thoroughly puzzled. \'Does the boots and shoes!\' she repeated in a very decided tone: \'tell her something about the games now.\' CHAPTER X. The Lobster Quadrille is!\' \'No, indeed,\' said.',0,'1980-04-17 11:08:01',2),(77,75,'Gryphon. \'I\'ve forgotten the words.\' So they got settled down again in a game of croquet she was walking hand in her pocket, and pulled out a box of comfits, (luckily the salt water had not attended.',0,'1970-01-09 16:03:35',72),(78,50,'QUITE right, I\'m afraid,\' said Alice, in a frightened tone. \'The Queen of Hearts, carrying the King\'s crown on a little girl or a serpent?\' \'It matters a good many voices all talking at once, with a.',0,'1981-06-11 07:54:54',54),(79,89,'So she stood still where she was, and waited. When the pie was all ridges and furrows; the balls were live hedgehogs, the mallets live flamingoes, and the roof was thatched with fur. It was all dark.',1,'2001-08-20 14:42:33',54),(80,48,'Time as well as she couldn\'t answer either question, it didn\'t sound at all fairly,\' Alice began, in a mournful tone, \'he won\'t do a thing before, and he wasn\'t going to leave off this minute!\' She.',1,'1977-09-09 22:57:12',7),(81,25,'Suddenly she came upon a little timidly, for she felt that it might appear to others that what you like,\' said the Gryphon, sighing in his throat,\' said the King. \'Then it doesn\'t understand.',0,'1995-05-26 00:49:53',74),(82,32,'So she swallowed one of them say, \'Look out now, Five! Don\'t go splashing paint over me like a sky-rocket!\' \'So you did, old fellow!\' said the Duchess, \'as pigs have to fly; and the Hatter.',1,'2011-09-24 22:51:27',45),(83,70,'Nobody moved. \'Who cares for fish, Game, or any other dish? Who would not stoop? Soup of the legs of the Gryphon, \'you first form into a conversation. \'You don\'t know one,\' said Alice, timidly;.',1,'1976-03-19 12:37:36',5),(84,95,'Alice; \'it\'s laid for a minute, trying to touch her. \'Poor little thing!\' said Alice, seriously, \'I\'ll have nothing more happened, she decided on going into the roof of the well, and noticed that.',1,'2003-07-19 07:19:35',89),(85,92,'It was opened by another footman in livery came running out of his tail. \'As if it please your Majesty!\' the Duchess sang the second time round, she found herself in a ring, and begged the Mouse.',0,'2005-02-12 04:32:27',29),(86,10,'Queen had only one way up as the rest of it at all,\' said Alice: \'--where\'s the Duchess?\' \'Hush! Hush!\' said the King said to the Gryphon. \'I\'ve forgotten the Duchess sang the second time round, she.',1,'1994-09-01 18:28:14',76),(87,81,'O Mouse!\' (Alice thought this must be removed,\' said the Rabbit coming to look through into the sky all the things being alive; for instance, there\'s the arch I\'ve got back to her: first, because.',0,'2004-10-29 22:51:19',94),(88,15,'Duchess; \'and most things twinkled after that--only the March Hare. \'Exactly so,\' said Alice. \'Of course you know why it\'s called a whiting?\' \'I never saw one, or heard of uglifying!\' it exclaimed..',0,'2018-04-16 11:38:17',41),(89,6,'The Cat\'s head began fading away the moment they saw the Mock Turtle a little quicker. \'What a funny watch!\' she remarked. \'It tells the day and night! You see the earth takes twenty-four hours to.',0,'1975-02-12 09:25:09',22),(90,6,'Owl had the best of educations--in fact, we went to him,\' the Mock Turtle had just succeeded in curving it down \'important,\' and some were birds,) \'I suppose they are the jurors.\' She said this last.',0,'1975-09-08 21:33:16',86),(91,89,'They had not gone much farther before she had expected: before she got back to the porpoise, \"Keep back, please: we don\'t want to get her head made her look up in her life, and had been found and.',1,'1985-01-25 04:05:36',65),(92,2,'At this the whole court was a dead silence. Alice noticed with some severity; \'it\'s very rude.\' The Hatter looked at them with one eye; \'I seem to be\"--or if you\'d rather not.\' \'We indeed!\' cried.',1,'1998-06-24 11:34:23',64),(93,72,'Hatter, and here the Mock Turtle: \'nine the next, and so on; then, when you\'ve cleared all the jurors had a bone in his sleep, \'that \"I breathe when I got up very sulkily and crossed over to the.',1,'1980-06-20 15:50:55',26),(94,86,'There were doors all round her at the thought that SOMEBODY ought to eat or drink under the circumstances. There was nothing so VERY much out of a muchness\"--did you ever eat a bat?\' when suddenly,.',1,'2012-07-18 18:00:45',36),(95,36,'Alice asked in a very curious to see what the name \'Alice!\' CHAPTER XII. Alice\'s Evidence \'Here!\' cried Alice, with a great interest in questions of eating and drinking. \'They lived on treacle,\'.',1,'2005-07-20 19:48:34',4),(96,64,'Hatter said, tossing his head off outside,\' the Queen merely remarking as it didn\'t sound at all the right size, that it was a little animal (she couldn\'t guess of what sort it was) scratching and.',0,'2000-11-12 02:21:08',11),(97,4,'This question the Dodo solemnly, rising to its feet, ran round the court with a round face, and was going on, as she went on, turning to the company generally, \'You are old,\' said the last few.',1,'2011-05-10 07:10:44',40),(98,15,'The Cat\'s head began fading away the time. Alice had got to see its meaning. \'And just as the door as you say it.\' \'That\'s nothing to do: once or twice she had someone to listen to her, And.',1,'2013-07-30 18:47:17',70),(99,30,'Wonderland, though she looked up and rubbed its eyes: then it watched the Queen said--\' \'Get to your places!\' shouted the Queen of Hearts, and I had it written up somewhere.\' Down, down, down. Would.',0,'2018-08-29 11:57:36',27),(100,6,'King said gravely, \'and go on crying in this affair, He trusts to you never tasted an egg!\' \'I HAVE tasted eggs, certainly,\' said Alice, a good deal frightened by this very sudden change, but very.',1,'1972-09-23 15:24:38',25);
/*!40000 ALTER TABLE `messages` ENABLE KEYS */;
UNLOCK TABLES;

--
-- Table structure for table `movies`
--

DROP TABLE IF EXISTS `movies`;
/*!40101 SET @saved_cs_client     = @@character_set_client */;
/*!50503 SET character_set_client = utf8mb4 */;
CREATE TABLE `movies` (
  `id` int(10) unsigned NOT NULL AUTO_INCREMENT,
  `image_id` int(10) unsigned DEFAULT NULL,
  `afisha_id` int(10) unsigned DEFAULT NULL,
  `country_id` int(10) unsigned DEFAULT NULL,
  `genre_id` int(10) unsigned DEFAULT NULL,
  `trailer_id` int(10) unsigned DEFAULT NULL,
  `filename` varchar(250) CHARACTER SET utf8 COLLATE utf8_unicode_ci NOT NULL,
  `year_create` year(4) DEFAULT NULL,
  `budget` int(10) unsigned NOT NULL,
  `premiera` datetime DEFAULT CURRENT_TIMESTAMP,
  `age_limitation` int(10) unsigned NOT NULL,
  `duration` int(10) unsigned NOT NULL,
  `description` text CHARACTER SET utf8 COLLATE utf8_unicode_ci,
  `created_at` datetime DEFAULT CURRENT_TIMESTAMP,
  `update_at` datetime DEFAULT CURRENT_TIMESTAMP ON UPDATE CURRENT_TIMESTAMP,
  PRIMARY KEY (`id`),
  KEY `movies_image_id_fk` (`image_id`),
  KEY `movies_afisha_id_fk` (`afisha_id`),
  KEY `movies_country_id_fk` (`country_id`),
  KEY `movies_genre_id_fk` (`genre_id`),
  KEY `movies_trailer_id_fk` (`trailer_id`),
  CONSTRAINT `movies_afisha_id_fk` FOREIGN KEY (`afisha_id`) REFERENCES `afisha` (`id`) ON DELETE SET NULL,
  CONSTRAINT `movies_country_id_fk` FOREIGN KEY (`country_id`) REFERENCES `countries` (`id`) ON DELETE SET NULL,
  CONSTRAINT `movies_genre_id_fk` FOREIGN KEY (`genre_id`) REFERENCES `genres` (`id`) ON DELETE SET NULL,
  CONSTRAINT `movies_image_id_fk` FOREIGN KEY (`image_id`) REFERENCES `images` (`id`) ON DELETE SET NULL,
  CONSTRAINT `movies_trailer_id_fk` FOREIGN KEY (`trailer_id`) REFERENCES `trailers` (`id`) ON DELETE SET NULL
) ENGINE=InnoDB AUTO_INCREMENT=101 DEFAULT CHARSET=utf8 COLLATE=utf8_unicode_ci COMMENT='страница описания фильма';
/*!40101 SET character_set_client = @saved_cs_client */;

--
-- Dumping data for table `movies`
--

LOCK TABLES `movies` WRITE;
/*!40000 ALTER TABLE `movies` DISABLE KEYS */;
INSERT INTO `movies` VALUES (1,31,5,10,21,90,'Velit illo ab soluta quam.',2015,346597756,'1982-11-01 05:14:03',2,149,'Alice a little way off, panting, with its arms folded, frowning like a mouse, That he met in the kitchen that did not like to try the first really clever thing the King replied. Here the other arm.','1990-05-16 15:31:53','2020-02-08 19:28:04'),(2,63,10,15,28,66,'Qui natus voluptas qui fugiat consequatur recusandae.',1993,0,'1983-10-17 15:53:09',4,124,'I think--\' (for, you see, because some of them attempted to explain it is you hate--C and D,\' she added in a very small cake, on which the words did not much larger than a real nose; also its eyes.','2009-06-16 23:58:32','2020-02-08 19:28:04'),(3,46,24,5,10,87,'Voluptatem necessitatibus dolorem rerum alias.',1971,84722,'2004-11-23 06:17:46',5,171,'Queen, \'Really, my dear, YOU must cross-examine THIS witness.\' \'Well, if I like being that person, I\'ll come up: if not, I\'ll stay down here! It\'ll be no sort of knot, and then at the Mouse\'s tail;.','1997-03-10 13:33:36','2020-02-08 19:28:04'),(4,58,27,17,12,70,'Rem ut sed molestiae est commodi.',1973,4454,'1974-03-17 13:12:05',1,126,'And will talk in contemptuous tones of the leaves: \'I should like it very much,\' said the sage, as he said to herself, \'whenever I eat or drink something or other; but the Dormouse say?\' one of them.','2015-03-20 08:55:43','2020-02-08 19:28:04'),(5,98,73,11,11,15,'Et rerum laborum maxime est odit voluptatem iusto.',2007,89871,'1970-01-10 06:14:41',1,114,'Gryphon repeated impatiently: \'it begins \"I passed by his face only, she would get up and ran the faster, while more and more sounds of broken glass, from which she concluded that it was YOUR.','2000-01-15 11:02:21','2020-02-08 19:28:04'),(6,76,9,2,23,20,'Et sed error aut quas voluptas nemo illum porro.',1973,4432089,'1975-01-18 12:11:02',0,188,'Dormouse crossed the court, arm-in-arm with the Queen had only one who had got burnt, and eaten up by two guinea-pigs, who were giving it a little way off, and Alice looked up, and there was.','1982-05-10 05:45:54','2020-02-08 19:28:04'),(7,70,77,15,29,45,'Repellendus eum facere cupiditate ea asperiores.',1999,172794,'1988-05-05 01:44:01',0,243,'Alice. \'Then you may stand down,\' continued the King. The White Rabbit interrupted: \'UNimportant, your Majesty means, of course,\' said the Duchess. An invitation from the change: and Alice was.','1977-04-02 05:07:59','2020-02-08 19:28:04'),(8,70,32,11,12,64,'Animi voluptatem facere soluta quidem.',2010,1,'1998-02-25 21:43:36',16,298,'It was, no doubt: only Alice did not like to drop the jar for fear of their wits!\' So she sat down at her hands, and she thought it would,\' said the Gryphon. \'Of course,\' the Dodo solemnly presented.','1972-03-12 03:11:19','2020-02-08 19:27:50'),(9,52,79,10,27,59,'Suscipit quibusdam deserunt quia incidunt sapiente repellat.',1975,16968,'2002-07-09 00:01:03',9,57,'The Mouse did not dare to laugh; and, as they lay on the floor, and a large kitchen, which was a child,\' said the Dormouse, and repeated her question. \'Why did they live at the sudden change, but.','1992-10-22 02:36:31','2020-02-08 19:28:04'),(10,99,60,18,9,10,'Eaque omnis beatae et voluptatum velit.',2014,2,'2006-03-28 02:07:07',0,84,'Alice, very much to-night, I should be raving mad after all! I almost think I may as well say,\' added the Dormouse. \'Don\'t talk nonsense,\' said Alice hastily; \'but I\'m not looking for them, but they.','1982-09-19 17:55:45','2020-02-08 19:28:04'),(11,36,81,17,3,56,'Eos quo aliquid aut est eum modi omnis.',1983,1515,'2018-07-14 22:42:19',19,247,'How queer everything is queer to-day.\' Just then she noticed that they would call after her: the last word two or three times over to the Mock Turtle went on. \'I do,\' Alice hastily replied; \'at.','1987-07-14 07:47:20','2020-02-08 19:28:04'),(12,73,70,9,5,53,'Voluptatem quis eos suscipit rerum numquam voluptate quisquam.',1990,458494106,'1997-09-07 03:12:04',0,277,'Puss,\' she began, in a day is very confusing.\' \'It isn\'t,\' said the March Hare. Alice was very glad to find herself still in sight, hurrying down it. There was no use going back to the shore..','1993-12-29 00:51:01','2020-02-08 19:28:04'),(13,42,62,16,30,61,'Cum cupiditate ipsam libero laudantium quia totam.',1977,85469,'2005-05-08 14:43:21',5,290,'QUITE as much as she spoke, but no result seemed to be Involved in this way! Stop this moment, I tell you!\' But she did not like to go on till you come to the waving of the wood for fear of killing.','2001-01-19 16:20:29','2020-02-08 19:28:04'),(14,87,3,10,25,67,'In commodi eveniet a occaecati ducimus.',2005,0,'2016-08-07 21:49:16',12,263,'Forty-two. ALL PERSONS MORE THAN A MILE HIGH TO LEAVE THE COURT.\' Everybody looked at the Queen, and Alice called after her. \'I\'ve something important to say!\' This sounded promising, certainly:.','2019-08-03 01:13:23','2020-02-08 19:28:04'),(15,20,66,2,18,31,'Ut quaerat porro natus tempore et corrupti ut similique.',1983,22557579,'1976-05-13 13:49:45',21,91,'Quick, now!\' And Alice was very deep, or she should chance to be a LITTLE larger, sir, if you only walk long enough.\' Alice felt dreadfully puzzled. The Hatter\'s remark seemed to Alice for some time.','2010-09-07 17:31:09','2020-02-08 19:28:04'),(16,20,68,1,28,84,'Aliquid dolorum dolorem nulla et qui explicabo.',1980,3,'1972-05-10 17:50:32',11,14,'IT. It\'s HIM.\' \'I don\'t see any wine,\' she remarked. \'It tells the day of the lefthand bit of the officers: but the tops of the evening, beautiful Soup! Beau--ootiful Soo--oop! Soo--oop of the.','1985-05-19 02:49:01','2020-02-08 19:28:04'),(17,94,64,16,1,37,'Reprehenderit optio labore reiciendis et.',1987,0,'2002-04-20 12:06:20',18,139,'I ask! It\'s always six o\'clock now.\' A bright idea came into her eyes--and still as she swam nearer to make out that it signifies much,\' she said to the seaside once in a low voice. \'Not at all,\'.','1996-02-27 08:27:41','2020-02-08 19:28:04'),(18,69,43,17,29,33,'Dolore voluptatum odit et laudantium et amet.',1991,0,'2002-11-08 05:51:10',20,301,'Mock Turtle yawned and shut his note-book hastily. \'Consider your verdict,\' the King eagerly, and he wasn\'t going to begin again, it was very provoking to find quite a long argument with the glass.','2006-01-04 18:29:50','2020-02-08 19:28:04'),(19,54,100,17,25,39,'Culpa blanditiis ratione ut qui ullam dolorem.',2018,0,'2015-12-19 19:22:37',6,35,'Alice whispered to the tarts on the top with its eyelids, so he with his head!\"\' \'How dreadfully savage!\' exclaimed Alice. \'And ever since that,\' the Hatter instead!\' CHAPTER VII. A Mad Tea-Party.','1993-07-29 17:18:24','2020-02-08 19:28:04'),(20,49,53,14,11,18,'Harum necessitatibus similique iste qui.',1992,41806537,'1999-08-09 04:37:46',15,314,'Alice thought to herself. \'Shy, they seem to come yet, please your Majesty,\' the Hatter replied. \'Of course it is,\' said the Mock Turtle. \'Hold your tongue!\' said the Gryphon, before Alice could.','2010-07-08 06:08:03','2020-02-08 19:28:04'),(21,54,91,16,12,43,'Quidem quos nam nihil labore aut qui recusandae vel.',1972,3401790,'2014-06-22 05:26:56',18,62,'Gryphon, \'you first form into a tree. \'Did you say things are worse than ever,\' thought the poor child, \'for I can\'t take more.\' \'You mean you can\'t think! And oh, my poor hands, how is it twelve?.','1977-12-31 05:02:51','2020-02-08 19:28:04'),(22,16,56,1,20,51,'Est ad doloribus ipsa.',1996,84,'2010-08-04 10:38:18',12,62,'Laughing and Grief, they used to know. Let me see--how IS it to his ear. Alice considered a little door about fifteen inches high: she tried hard to whistle to it; but she had not gone much farther.','2019-01-11 16:19:26','2020-02-08 19:28:04'),(23,84,2,14,19,8,'Tempora deleniti ipsa aliquid sapiente harum.',1999,827,'1974-01-26 10:11:03',8,119,'King, going up to her great delight it fitted! Alice opened the door that led into a tidy little room with a teacup in one hand, and a large caterpillar, that was trickling down his brush, and had.','1978-03-23 16:23:10','2020-02-08 19:28:04'),(24,4,55,5,13,60,'Reprehenderit ut facilis quod earum.',1991,32156495,'1972-10-25 11:32:56',7,55,'VERY long claws and a large fan in the last few minutes, and began to get out of that dark hall, and wander about among those beds of bright flowers and the Queen said--\' \'Get to your places!\'.','1997-02-06 23:42:04','2020-02-08 19:28:04'),(25,20,77,5,29,95,'Laudantium eum facere quas nihil doloribus tenetur quia.',2017,0,'2000-01-04 21:25:51',9,263,'Duchess said after a fashion, and this Alice would not give all else for two Pennyworth only of beautiful Soup? Pennyworth only of beautiful Soup? Beau--ootiful Soo--oop! Soo--oop of the Mock Turtle.','2016-01-25 20:23:05','2020-02-08 19:28:04'),(26,39,55,7,7,20,'Minus temporibus dolor omnis et.',2013,465337041,'2001-09-07 16:31:56',15,94,'Duchess; \'I never saw one, or heard of such a curious appearance in the shade: however, the moment they saw the White Rabbit, jumping up and down looking for them, but they were nice grand words to.','1980-11-30 21:17:34','2020-02-08 19:28:04'),(27,68,23,3,26,27,'Et molestias culpa illo unde delectus ipsam.',1988,233093,'2018-02-24 17:52:12',12,28,'I\'ll eat it,\' said Alice to herself, being rather proud of it: for she had made out the answer to shillings and pence. \'Take off your hat,\' the King said to herself \'It\'s the oldest rule in the air..','1988-10-10 11:41:08','2020-02-08 19:28:04'),(28,21,10,11,9,47,'Qui adipisci fugiat omnis et incidunt optio eum.',1986,25803415,'1970-04-12 06:19:21',16,204,'Hatter: \'but you could only hear whispers now and then they both sat silent and looked at it gloomily: then he dipped it into his cup of tea, and looked at it uneasily, shaking it every now and.','1994-02-18 08:25:16','2020-02-08 19:28:04'),(29,62,47,5,18,98,'Nemo iste et exercitationem dolores non a.',2005,440609,'1983-05-06 00:29:35',18,233,'Alice, quite forgetting her promise. \'Treacle,\' said a whiting before.\' \'I can see you\'re trying to invent something!\' \'I--I\'m a little faster?\" said a timid and tremulous sound.] \'That\'s different.','2014-07-18 13:38:41','2020-02-08 19:28:04'),(30,52,36,13,12,55,'Minima ut dolore nobis rerum modi voluptate.',2009,1435,'2001-11-17 23:32:50',2,198,'The executioner\'s argument was, that she still held the pieces of mushroom in her hands, wondering if anything would EVER happen in a hurry: a large dish of tarts upon it: they looked so good, that.','2001-03-29 01:22:13','2020-02-08 19:28:04'),(31,84,14,11,30,25,'Qui impedit tempore esse rem atque.',2008,34736,'2015-09-18 15:57:52',5,286,'RIGHT FOOT, ESQ. HEARTHRUG, NEAR THE FENDER, (WITH ALICE\'S LOVE). Oh dear, what nonsense I\'m talking!\' Just then her head pressing against the ceiling, and had come back with the birds hurried off.','1998-05-17 07:35:00','2020-02-08 19:28:04'),(32,22,66,13,11,63,'Id impedit earum id nobis facilis.',2014,18739,'2012-02-28 17:11:05',21,132,'Then came a little hot tea upon its forehead (the position in dancing.\' Alice said; \'there\'s a large arm-chair at one end to the Gryphon. \'How the creatures order one about, and shouting \'Off with.','2011-01-02 18:32:46','2020-02-08 19:27:50'),(33,44,55,13,28,66,'Expedita ullam sint accusamus nihil.',1996,1780566,'2009-11-15 15:29:44',1,146,'Now you know.\' \'I don\'t know what \"it\" means.\' \'I know SOMETHING interesting is sure to kill it in the book,\' said the King. On this the whole party at once without waiting for the rest of the.','2005-11-10 18:41:43','2020-02-08 19:28:04'),(34,45,63,3,2,70,'Impedit voluptatem fugit sed quo sint fuga omnis.',1985,211006,'1973-08-01 05:04:35',4,329,'So she swallowed one of these cakes,\' she thought, \'it\'s sure to do next, when suddenly a White Rabbit hurried by--the frightened Mouse splashed his way through the glass, and she was in the.','2002-03-18 17:11:45','2020-02-08 19:28:04'),(35,96,62,17,1,50,'Eligendi adipisci aut enim dignissimos ducimus.',1998,23551569,'1995-10-27 07:53:09',16,152,'Dodo could not think of any that do,\' Alice hastily replied; \'at least--at least I mean what I get\" is the use of repeating all that stuff,\' the Mock Turtle in the kitchen that did not like to drop.','1972-05-08 01:37:27','2020-02-08 19:28:04'),(36,25,7,15,8,24,'Iusto deleniti ad aspernatur odit saepe tempore.',2007,4179996,'2012-07-28 09:44:09',5,120,'She had already heard her sentence three of the sort,\' said the Gryphon: and it said nothing. \'Perhaps it doesn\'t understand English,\' thought Alice; \'only, as it\'s asleep, I suppose I ought to tell.','1971-04-21 08:12:45','2020-02-08 19:28:04'),(37,50,88,2,7,51,'Ut mollitia voluptas ea similique veniam odio consequatur.',1977,50567004,'1972-04-12 11:02:34',8,139,'Duchess! The Duchess! Oh my fur and whiskers! She\'ll get me executed, as sure as ferrets are ferrets! Where CAN I have to beat time when I got up and down in a day or two: wouldn\'t it be of any use,.','2007-06-24 17:02:02','2020-02-08 19:28:04'),(38,74,25,6,25,23,'Laboriosam at quae temporibus cum et et.',2009,1553090,'1992-10-07 10:53:07',6,329,'Alice the moment she felt certain it must be getting somewhere near the door with his head!\"\' \'How dreadfully savage!\' exclaimed Alice. \'That\'s very curious.\' \'It\'s all her riper years, the simple.','2010-06-28 18:15:14','2020-02-08 19:28:04'),(39,56,17,2,9,72,'Accusantium aliquam consequuntur tempore voluptas porro animi.',1979,0,'1972-08-28 00:07:32',14,176,'Tell her to wink with one finger pressed upon its forehead (the position in dancing.\' Alice said; \'there\'s a large ring, with the edge of the court. (As that is enough,\' Said his father; \'don\'t give.','1990-09-12 00:57:41','2020-02-08 19:28:04'),(40,18,16,10,14,6,'Debitis minus et voluptas nisi consequatur et.',1974,37987,'1973-09-25 20:01:12',9,236,'Alice started to her head, she tried the little golden key, and Alice\'s first thought was that you weren\'t to talk about her repeating \'YOU ARE OLD, FATHER WILLIAM,\"\' said the Mouse. \'--I proceed..','1993-01-02 10:09:03','2020-02-08 19:28:04'),(41,59,4,7,28,40,'Veniam doloribus qui quod cumque.',2016,0,'1979-03-07 20:07:01',12,299,'King, who had been for some while in silence. At last the Mock Turtle: \'crumbs would all come wrong, and she had grown to her great disappointment it was very uncomfortable, and, as she was going to.','1993-12-16 13:58:53','2020-02-08 19:28:04'),(42,32,75,3,15,75,'Illum aut ut tenetur aliquam.',1999,0,'1977-09-25 10:28:53',18,82,'Bill,\' she gave a little wider. \'Come, it\'s pleased so far,\' said the White Rabbit, jumping up in her hands, and she had made her next remark. \'Then the Dormouse again, so violently, that she had.','1973-08-01 11:49:25','2020-02-08 19:28:04'),(43,100,30,12,26,49,'Nam non est quas et et.',1980,0,'1991-07-05 09:06:30',0,210,'Alice thought), and it said in a hoarse growl, \'the world would go anywhere without a moment\'s delay would cost them their lives. All the time he was going on shrinking rapidly: she soon made out.','1991-07-16 08:00:04','2020-02-08 19:28:04'),(44,12,20,11,6,59,'Doloribus quis consequatur quod.',1976,482892,'1982-01-04 00:35:50',8,97,'By this time she had grown in the window, and one foot to the company generally, \'You are old,\' said the Dormouse, who was sitting on the other paw, \'lives a Hatter: and in his sleep, \'that \"I.','1998-04-11 10:14:29','2020-02-08 19:28:04'),(45,61,30,19,27,85,'Aliquid corrupti animi perferendis error odit quam.',1973,97,'2015-11-19 17:44:50',6,203,'Rabbit was no \'One, two, three, and away,\' but they began running about in the air. Even the Duchess was sitting next to no toys to play with, and oh! ever so many tea-things are put out here?\' she.','1970-04-02 19:59:51','2020-02-08 19:27:50'),(46,19,83,20,25,89,'Omnis voluptatem voluptatem sint sint.',2006,13,'2006-04-12 22:03:31',10,21,'This time there could be no chance of her sharp little chin. \'I\'ve a right to grow here,\' said the Caterpillar. Alice folded her hands, and began:-- \'You are old,\' said the Caterpillar. Here was.','2004-02-18 23:58:48','2020-02-08 19:28:04'),(47,24,80,5,1,89,'Ea voluptatem molestias cum ratione et aut unde.',1978,280482,'2006-11-04 11:39:46',1,188,'I\'ll tell him--it was for bringing the cook was leaning over the jury-box with the Gryphon. \'It all came different!\' the Mock Turtle. \'No, no! The adventures first,\' said the Caterpillar. \'Not QUITE.','2013-03-24 14:33:14','2020-02-08 19:28:04'),(48,86,39,2,22,81,'Et est explicabo atque sunt.',1971,217979877,'1986-03-07 00:28:13',18,173,'Alice thought this must ever be A secret, kept from all the rest, Between yourself and me.\' \'That\'s the judge,\' she said to herself, \'I wish the creatures argue. It\'s enough to look for her, and.','1971-09-11 14:36:13','2020-02-08 19:28:04'),(49,90,11,15,16,2,'Aut est ea magni dolor facilis accusamus et.',1974,1073026,'2000-02-06 16:37:28',9,298,'It was so long that they must needs come wriggling down from the Queen in front of them, and it\'ll sit up and say \"How doth the little--\"\' and she could remember about ravens and writing-desks,.','1981-02-27 14:23:27','2020-02-08 19:28:04'),(50,16,50,10,18,40,'Aut esse velit consequatur inventore ut est qui.',2006,4276154,'1981-05-05 02:03:47',10,264,'There was a large canvas bag, which tied up at the window, and some were birds,) \'I suppose they are the jurors.\' She said the Cat. \'I said pig,\' replied Alice; \'and I do wonder what they WILL do.','2011-10-09 17:13:35','2020-02-08 19:28:04'),(51,66,20,3,28,54,'Dolores doloremque nesciunt rerum explicabo neque quas.',1985,14,'1981-07-28 11:56:47',12,73,'Cat again, sitting on a bough of a tree in the newspapers, at the end of every line: \'Speak roughly to your little boy, And beat him when he sneezes; For he can thoroughly enjoy The pepper when he.','2000-08-12 16:24:09','2020-02-08 19:28:04'),(52,50,63,6,24,8,'Sed consectetur eos voluptate blanditiis illo et.',1982,1190,'2016-12-16 01:24:44',5,267,'Hatter, \'you wouldn\'t talk about wasting IT. It\'s HIM.\' \'I don\'t quite understand you,\' she said, by way of expressing yourself.\' The baby grunted again, so violently, that she still held the pieces.','1980-04-02 19:34:44','2020-02-08 19:27:50'),(53,40,37,19,26,79,'Totam totam illum nisi ab porro.',2006,0,'1980-09-25 23:13:51',15,61,'VERY wide, but she stopped hastily, for the immediate adoption of more energetic remedies--\' \'Speak English!\' said the Queen. \'I haven\'t opened it yet,\' said the Hatter, \'I cut some more.','2017-11-05 02:44:18','2020-02-08 19:28:04'),(54,98,18,19,29,22,'Assumenda magnam sed debitis qui amet.',2006,5006883,'1976-10-23 01:18:16',14,202,'I should think very likely to eat or drink something or other; but the Dormouse crossed the court, by the prisoner to--to somebody.\' \'It must be what he did it,) he did with the bread-knife.\' The.','1994-08-29 19:21:43','2020-02-08 19:28:04'),(55,69,19,15,8,63,'Nulla voluptate ex id officia asperiores dolor quos.',2004,901,'2007-06-18 18:24:49',0,122,'At last the Gryphon answered, very nearly carried it off. * * * * * * * * * * * CHAPTER II. The Pool of Tears \'Curiouser and curiouser!\' cried Alice in a VERY unpleasant state of mind, she turned to.','2002-02-08 06:46:12','2020-02-08 19:28:04'),(56,5,57,17,11,35,'Et asperiores totam provident pariatur voluptatem.',2002,0,'2012-11-05 11:03:43',5,348,'I\'ve often seen them at last, and managed to swallow a morsel of the jurors were all writing very busily on slates. \'What are you thinking of?\' \'I beg pardon, your Majesty,\' said Alice to find quite.','2011-05-24 13:48:16','2020-02-08 19:27:50'),(57,37,70,19,26,11,'Dicta amet quae blanditiis sunt at dolor.',1992,18180,'1986-01-09 20:00:35',5,321,'Dormouse followed him: the March Hare meekly replied. \'Yes, but I grow at a reasonable pace,\' said the Duchess, it had entirely disappeared; so the King eagerly, and he went on, \'if you don\'t like.','1978-10-22 07:51:33','2020-02-08 19:28:04'),(58,5,32,4,31,56,'Vero fugit ab quo et eligendi alias.',1980,430210475,'1975-06-01 15:06:50',18,206,'Once more she found she had not long to doubt, for the baby, the shriek of the ground, Alice soon came upon a Gryphon, lying fast asleep in the distance would take the hint; but the Mouse was.','2018-05-28 05:30:26','2020-02-08 19:28:04'),(59,34,10,2,5,6,'Qui debitis aut voluptate qui ipsa aut voluptatum.',1995,32633059,'2008-06-11 03:56:22',13,61,'I know?\' said Alice, in a long, low hall, which was a table, with a teacup in one hand and a piece of rudeness was more and more puzzled, but she could remember them, all these changes are! I\'m.','2015-09-29 02:59:01','2020-02-08 19:28:04'),(60,40,52,20,7,77,'Quia unde eos nulla blanditiis cupiditate omnis.',1975,36,'2014-01-07 07:13:37',14,32,'No room!\' they cried out when they saw her, they hurried back to my right size: the next thing was snorting like a telescope.\' And so she felt unhappy. \'It was the BEST butter, you know.\' Alice had.','2015-06-07 14:45:02','2020-02-08 19:28:04'),(61,47,89,12,25,3,'Rerum aliquam quia dolores reiciendis voluptatum in consequatur.',1995,0,'2011-05-15 23:27:34',7,324,'Soup! Beau--ootiful Soo--oop! Soo--oop of the trees had a pencil that squeaked. This of course, Alice could hear him sighing as if his heart would break. She pitied him deeply. \'What is his sorrow?\'.','2015-02-10 07:30:37','2020-02-08 19:28:04'),(62,42,99,2,23,23,'Quia deleniti nemo atque magnam ab omnis ex.',1972,15406,'1994-12-28 05:33:25',21,119,'I suppose I ought to have lessons to learn! Oh, I shouldn\'t like THAT!\' \'Oh, you foolish Alice!\' she answered herself. \'How can you learn lessons in here? Why, there\'s hardly enough of me left to.','1971-08-09 06:06:29','2020-02-08 19:28:04'),(63,94,78,10,8,79,'Sed accusantium blanditiis corporis quia.',1971,1794123,'1983-07-06 21:08:50',20,321,'Hatter. \'You might just as she could for sneezing. There was a real Turtle.\' These words were followed by a row of lodging houses, and behind them a railway station.) However, she soon made out the.','1976-08-27 04:04:46','2020-02-08 19:28:04'),(64,88,81,4,28,21,'Et dolorem neque et quis aliquam.',1973,527,'2002-06-03 15:16:23',14,190,'White Rabbit hurried by--the frightened Mouse splashed his way through the air! Do you think I can say.\' This was such a pleasant temper, and thought to herself. \'I dare say there may be ONE.\' \'One,.','2001-08-28 14:24:57','2020-02-08 19:28:04'),(65,47,30,9,26,22,'Sequi rerum illo illo.',1984,21256895,'1989-08-06 23:00:00',0,334,'Majesty!\' the Duchess to play with, and oh! ever so many tea-things are put out here?\' she asked. \'Yes, that\'s it,\' said Five, \'and I\'ll tell you my history, and you\'ll understand why it is all the.','1995-08-30 23:14:22','2020-02-08 19:28:04'),(66,54,59,13,19,65,'Velit maxime ullam qui velit.',2005,24617343,'1986-12-16 05:10:40',13,46,'She did it so VERY remarkable in that; nor did Alice think it so yet,\' said the Mock Turtle. Alice was so long since she had felt quite strange at first; but she thought at first was in a low, timid.','1989-03-19 04:41:42','2020-02-08 19:28:04'),(67,84,32,19,8,53,'Molestiae ut delectus enim nam et.',1977,4,'1971-07-28 03:09:51',14,273,'Turtle\'s heavy sobs. Lastly, she pictured to herself what such an extraordinary ways of living would be only rustling in the window?\' \'Sure, it\'s an arm, yer honour!\' (He pronounced it \'arrum.\') \'An.','1979-11-07 01:22:47','2020-02-08 19:28:04'),(68,15,29,13,16,94,'Qui ullam earum unde eveniet aut ut fugit.',1990,81,'2001-08-12 15:25:10',16,174,'Lory, with a great interest in questions of eating and drinking. \'They lived on treacle,\' said the Dormouse. \'Don\'t talk nonsense,\' said Alice indignantly. \'Ah! then yours wasn\'t a really good.','1970-07-07 20:46:30','2020-02-08 19:27:50'),(69,69,61,9,14,9,'Dolores inventore vitae aut fugit repudiandae.',1982,51934502,'1986-04-13 12:53:32',12,44,'William the Conqueror.\' (For, with all speed back to her: its face in some book, but I think that proved it at all,\' said the Caterpillar. \'I\'m afraid I\'ve offended it again!\' For the Mouse in the.','1973-04-02 05:54:19','2020-02-08 19:28:04'),(70,98,29,5,6,94,'Magnam nam sequi necessitatibus ea temporibus.',2019,188,'1994-11-09 18:20:31',20,45,'Rabbit\'s little white kid gloves, and she felt a little irritated at the window, and some of them attempted to explain it is all the party sat silent for a minute or two sobs choked his voice. \'Same.','1988-09-12 02:33:28','2020-02-08 19:28:04'),(71,50,44,19,1,84,'Consequatur animi exercitationem illo necessitatibus.',1999,44,'2004-04-03 22:44:14',11,87,'There was no label this time the Queen was in the shade: however, the moment how large she had found the fan and two or three of the sort. Next came an angry tone, \'Why, Mary Ann, and be turned out.','1989-05-11 21:45:32','2020-02-08 19:28:04'),(72,73,93,18,12,79,'Et quaerat qui consequatur sint totam ut.',2010,1654934,'1987-02-18 19:29:13',21,297,'Hatter added as an explanation. \'Oh, you\'re sure to do it! Oh dear! I shall have to turn round on its axis--\' \'Talking of axes,\' said the Hatter. \'You MUST remember,\' remarked the King, and the.','1991-08-26 02:18:56','2020-02-08 19:28:04'),(73,46,57,13,31,95,'Voluptatem eveniet voluptatem aliquam illum.',1970,0,'1982-09-29 18:51:53',19,169,'I\'ve got to go from here?\' \'That depends a good deal worse off than before, as the Rabbit, and had been found and handed them round as prizes. There was a large cat which was lit up by wild beasts.','1983-07-07 12:25:38','2020-02-08 19:28:04'),(74,86,71,9,20,23,'Porro sunt et aliquid repellat.',1992,162795523,'1979-06-17 10:35:21',11,301,'Then it got down off the cake. * * * * * * * \'What a curious dream!\' said Alice, always ready to sink into the book her sister on the glass table and the constant heavy sobbing of the what?\' said.','1971-09-27 11:51:51','2020-02-08 19:28:04'),(75,16,66,5,16,81,'Ipsa accusamus et voluptatum est et.',2018,7,'2005-12-08 01:45:43',14,293,'Gryphon, lying fast asleep in the other: the only difficulty was, that if you hold it too long; and that you think you\'re changed, do you?\' \'I\'m afraid I\'ve offended it again!\' For the Mouse was.','1976-01-10 06:23:59','2020-02-08 19:28:04'),(76,34,94,20,21,58,'Consequatur maiores quo quisquam reiciendis ab excepturi consectetur commodi.',1999,102,'1995-06-07 19:34:38',0,205,'No, I\'ve made up my mind about it; and the fan, and skurried away into the jury-box, or they would go, and making quite a new kind of thing never happened, and now here I am to see it trying in a.','1977-11-07 13:19:13','2020-02-08 19:28:04'),(77,14,70,2,23,26,'Voluptatem aut veniam labore eos qui aliquid qui.',1977,365,'2013-03-02 05:02:23',18,144,'King; \'and don\'t be particular--Here, Bill! catch hold of this ointment--one shilling the box-- Allow me to sell you a song?\' \'Oh, a song, please, if the Queen merely remarking that a red-hot poker.','2005-11-23 17:51:52','2020-02-08 19:28:04'),(78,99,23,10,22,69,'Et quis suscipit et sint.',1985,0,'2004-02-16 10:41:32',13,102,'However, the Multiplication Table doesn\'t signify: let\'s try the first day,\' said the youth, \'as I mentioned before, And have grown most uncommonly fat; Yet you turned a back-somersault in at the.','1971-12-09 17:23:54','2020-02-08 19:27:50'),(79,82,79,5,30,49,'Expedita deserunt rem culpa.',1988,16,'1985-12-14 16:19:37',12,71,'March Hare went \'Sh! sh!\' and the moon, and memory, and muchness--you know you say \"What a pity!\"?\' the Rabbit came up to the little golden key was lying under the circumstances. There was nothing.','1978-05-11 05:46:13','2020-02-08 19:28:04'),(80,46,88,13,19,85,'Ex perferendis corrupti architecto voluptas laboriosam voluptas ipsa.',1978,9,'2003-07-26 02:18:48',9,46,'Knave of Hearts, she made her next remark. \'Then the eleventh day must have got into a butterfly, I should think!\' (Dinah was the fan and gloves, and, as she came rather late, and the Gryphon.','1994-06-02 17:16:32','2020-02-08 19:28:04'),(81,18,25,8,1,36,'Tempora autem pariatur magni reiciendis dolorem officia.',1976,0,'2011-11-20 16:48:55',12,10,'This question the Dodo had paused as if it likes.\' \'I\'d rather finish my tea,\' said the Duchess: \'flamingoes and mustard both bite. And the Gryphon replied very politely, feeling quite pleased to.','1989-03-28 08:38:39','2020-02-08 19:28:04'),(82,40,22,4,24,81,'Et et ratione autem minima ad.',1971,17887479,'2018-06-30 16:28:34',11,259,'Alice was beginning to grow up again! Let me see: I\'ll give them a new idea to Alice, she went on, \'--likely to win, that it\'s hardly worth while finishing the game.\' The Queen turned angrily away.','1988-03-13 21:10:31','2020-02-08 19:28:04'),(83,76,34,14,16,58,'Minima quia sint sapiente et iure.',1980,3296131,'2011-09-13 07:34:15',20,211,'I to get in?\' \'There might be some sense in your pocket?\' he went on again:-- \'I didn\'t know that cats COULD grin.\' \'They all can,\' said the Mock Turtle said: \'no wise fish would go through,\'.','2008-10-15 14:26:16','2020-02-08 19:28:04'),(84,94,92,17,22,32,'Commodi corrupti fugiat perspiciatis dolorum doloribus.',1992,391,'1971-07-12 06:27:38',13,273,'YOUR adventures.\' \'I could tell you how it was done. They had not as yet had any sense, they\'d take the place where it had made. \'He took me for a minute or two, and the baby joined):-- \'Wow! wow!.','1989-06-19 12:09:07','2020-02-08 19:28:04'),(85,83,17,1,21,54,'Voluptatem qui veniam molestias sunt.',1999,0,'2008-05-02 23:20:43',11,28,'No, I\'ve made up my mind about it; if I\'m Mabel, I\'ll stay down here! It\'ll be no chance of this, so she went on, yawning and rubbing its eyes, for it to make the arches. The chief difficulty Alice.','2008-07-19 16:31:13','2020-02-08 19:28:04'),(86,80,70,16,31,37,'Quia ratione dolorum et quas aut earum.',1997,1,'2004-08-23 21:51:40',7,17,'I find a thing,\' said the Mock Turtle, capering wildly about. \'Change lobsters again!\' yelled the Gryphon remarked: \'because they lessen from day to day.\' This was not much like keeping so close to.','1992-06-09 01:57:32','2020-02-08 19:28:04'),(87,74,59,14,21,70,'Quae molestiae cum temporibus porro iusto eum consectetur est.',1991,20257553,'1999-04-01 22:42:42',18,345,'I can creep under the window, and on it but tea. \'I don\'t see how he did it,) he did with the next verse.\' \'But about his toes?\' the Mock Turtle, and to her feet, for it flashed across her mind that.','2002-03-04 17:09:27','2020-02-08 19:28:04'),(88,40,65,4,26,88,'Reiciendis repudiandae voluptatem aut esse voluptate esse deleniti.',1985,88932,'2005-11-02 13:56:55',4,269,'Pigeon went on, half to Alice. \'Nothing,\' said Alice. \'Oh, don\'t bother ME,\' said Alice more boldly: \'you know you\'re growing too.\' \'Yes, but I grow up, I\'ll write one--but I\'m grown up now,\' she.','1994-11-22 01:56:29','2020-02-08 19:28:04'),(89,22,76,16,3,89,'Atque sunt cum eius placeat.',2016,85,'1970-04-24 23:00:14',16,308,'I see\"!\' \'You might just as the soldiers shouted in reply. \'Idiot!\' said the King, \'or I\'ll have you executed.\' The miserable Hatter dropped his teacup instead of the Gryphon, sighing in his sleep,.','1997-03-12 20:45:04','2020-02-08 19:28:04'),(90,34,43,7,19,23,'Aut delectus architecto nihil vitae.',1998,3207898,'1990-04-28 16:56:04',4,27,'Alice)--\'and perhaps you haven\'t found it advisable--\"\' \'Found WHAT?\' said the Gryphon. \'Well, I never was so much already, that it signifies much,\' she said to herself that perhaps it was all.','1989-07-13 05:42:41','2020-02-08 19:28:04'),(91,97,19,6,19,21,'Recusandae similique id impedit a iusto sint nam.',2015,0,'2015-01-05 15:49:02',3,257,'Alice began to tremble. Alice looked up, and there was nothing so VERY much out of sight; and an old woman--but then--always to have changed since her swim in the wood,\' continued the King. Here one.','1978-10-02 21:00:47','2020-02-08 19:28:04'),(92,16,73,9,17,55,'Iste optio veniam non perferendis.',2001,1788987,'1998-03-12 11:49:21',9,151,'Rabbit noticed Alice, as she tucked her arm affectionately into Alice\'s, and they went up to Alice, and she grew no larger: still it was out of sight: then it chuckled. \'What fun!\' said the Dodo..','1986-01-22 01:06:14','2020-02-08 19:28:04'),(93,91,97,5,15,17,'Laborum est est eius adipisci esse.',1987,357023,'1977-03-21 11:43:40',18,328,'He looked at Alice. \'I\'M not a bit afraid of interrupting him,) \'I\'ll give him sixpence. _I_ don\'t believe it,\' said Alice, \'but I must go by the Hatter, \'or you\'ll be telling me next that you have.','2006-11-08 17:08:10','2020-02-08 19:28:04'),(94,60,100,19,31,86,'Et non itaque mollitia aut asperiores itaque.',1991,38311,'1980-08-28 21:09:49',20,135,'Bill\'s place for a minute or two to think that there was room for her. \'I wish the creatures wouldn\'t be so stingy about it, so she went slowly after it: \'I never thought about it,\' added the.','2012-12-18 16:46:44','2020-02-08 19:27:50'),(95,79,38,20,6,28,'Earum laudantium ratione omnis quia quaerat aut enim.',2018,480,'1989-04-03 12:44:57',19,34,'I\'m mad?\' said Alice. \'Why, there they are!\' said the Gryphon: and Alice thought she might as well as she leant against a buttercup to rest herself, and once again the tiny hands were clasped upon.','1981-10-14 04:03:47','2020-02-08 19:28:04'),(96,99,2,2,4,15,'Aut perspiciatis qui et ut fuga mollitia veritatis.',2016,45,'1970-12-01 09:18:46',5,110,'So she set off at once crowded round it, panting, and asking, \'But who is to do it?\' \'In my youth,\' said his father, \'I took to the Classics master, though. He was looking down with one eye, How the.','1984-05-21 16:04:46','2020-02-08 19:28:04'),(97,40,41,11,2,32,'Officia iure earum eum quas est inventore voluptatum.',2013,24818919,'1996-09-12 19:04:27',17,93,'March Hare. \'Yes, please do!\' but the Dodo replied very readily: \'but that\'s because it stays the same solemn tone, only changing the order of the e--e--evening, Beautiful, beautiful Soup!.','2002-03-31 05:12:21','2020-02-08 19:28:04'),(98,51,12,7,24,61,'Vero deserunt vero et deserunt est sunt qui.',1981,25073866,'1987-10-06 21:03:40',13,130,'How the Owl had the best plan.\' It sounded an excellent plan, no doubt, and very nearly in the back. However, it was too much pepper in my size; and as it left no mark on the look-out for serpents.','2018-12-15 01:26:42','2020-02-08 19:28:04'),(99,75,3,20,1,6,'Perferendis consequatur quaerat velit rerum eligendi soluta soluta.',1991,1389310,'1988-01-19 09:41:44',11,15,'Alice noticed with some severity; \'it\'s very interesting. I never heard of uglifying!\' it exclaimed. \'You know what they\'re like.\' \'I believe so,\' Alice replied in a great hurry. \'You did!\' said the.','1990-01-28 18:28:43','2020-02-08 19:28:04'),(100,95,64,19,24,18,'Molestiae illo eos quo voluptas repellat temporibus.',1983,694768,'1986-03-17 04:56:32',9,34,'I don\'t know what \"it\" means well enough, when I grow at a reasonable pace,\' said the Queen, turning purple. \'I won\'t!\' said Alice. \'And where HAVE my shoulders got to? And oh, my poor hands, how is.','1975-04-14 18:35:29','2020-02-08 19:28:04');
/*!40000 ALTER TABLE `movies` ENABLE KEYS */;
UNLOCK TABLES;

--
-- Table structure for table `participant_types`
--

DROP TABLE IF EXISTS `participant_types`;
/*!40101 SET @saved_cs_client     = @@character_set_client */;
/*!50503 SET character_set_client = utf8mb4 */;
CREATE TABLE `participant_types` (
  `id` int(10) unsigned NOT NULL AUTO_INCREMENT,
  `name` varchar(150) CHARACTER SET utf8 COLLATE utf8_unicode_ci NOT NULL,
  PRIMARY KEY (`id`),
  UNIQUE KEY `name` (`name`)
) ENGINE=InnoDB AUTO_INCREMENT=9 DEFAULT CHARSET=utf8 COLLATE=utf8_unicode_ci COMMENT='Профессии создателей фильма';
/*!40101 SET character_set_client = @saved_cs_client */;

--
-- Dumping data for table `participant_types`
--

LOCK TABLES `participant_types` WRITE;
/*!40000 ALTER TABLE `participant_types` DISABLE KEYS */;
INSERT INTO `participant_types` VALUES (8,'Актеры'),(5,'Композитор'),(7,'Монтаж'),(4,'Оператор'),(3,'Продюсер'),(1,'Режиссер'),(2,'Сценарист'),(6,'Художник');
/*!40000 ALTER TABLE `participant_types` ENABLE KEYS */;
UNLOCK TABLES;

--
-- Table structure for table `participants`
--

DROP TABLE IF EXISTS `participants`;
/*!40101 SET @saved_cs_client     = @@character_set_client */;
/*!50503 SET character_set_client = utf8mb4 */;
CREATE TABLE `participants` (
  `id` int(10) unsigned NOT NULL AUTO_INCREMENT,
  `image_id` int(10) unsigned NOT NULL,
  `first_name` varchar(100) CHARACTER SET utf8 COLLATE utf8_unicode_ci NOT NULL,
  `last_name` varchar(100) CHARACTER SET utf8 COLLATE utf8_unicode_ci NOT NULL,
  `city_id` int(10) unsigned DEFAULT NULL,
  `genre_id` int(10) unsigned DEFAULT NULL,
  `participants_type_id` int(10) unsigned DEFAULT NULL,
  PRIMARY KEY (`id`),
  KEY `participants_city_id_fk` (`city_id`),
  KEY `participants_genre_id_fk` (`genre_id`),
  KEY `participants_participants_type_id_fk` (`participants_type_id`),
  CONSTRAINT `participants_city_id_fk` FOREIGN KEY (`city_id`) REFERENCES `city` (`id`) ON DELETE SET NULL,
  CONSTRAINT `participants_genre_id_fk` FOREIGN KEY (`genre_id`) REFERENCES `genre` (`id`) ON DELETE SET NULL,
  CONSTRAINT `participants_participants_type_id_fk` FOREIGN KEY (`participants_type_id`) REFERENCES `participant_types` (`id`) ON DELETE SET NULL
) ENGINE=InnoDB AUTO_INCREMENT=101 DEFAULT CHARSET=utf8 COLLATE=utf8_unicode_ci COMMENT='Создатели фильма';
/*!40101 SET character_set_client = @saved_cs_client */;

--
-- Dumping data for table `participants`
--

LOCK TABLES `participants` WRITE;
/*!40000 ALTER TABLE `participants` DISABLE KEYS */;
INSERT INTO `participants` VALUES (1,32,'Helen','Feest',100,4,3),(2,67,'Demetris','Kihn',63,17,4),(3,84,'Cameron','Haag',4,11,2),(4,74,'Claudine','Spinka',84,3,4),(5,94,'Dianna','Langworth',100,13,1),(6,49,'Danyka','Fadel',47,26,8),(7,82,'Elaina','Dicki',94,23,2),(8,34,'Johnpaul','Langworth',47,5,2),(9,86,'Letitia','Fadel',12,22,4),(10,31,'Adah','Beatty',78,30,7),(11,86,'Nicolette','Hackett',64,18,6),(12,63,'Yasmin','Hoppe',95,31,2),(13,77,'Madisen','Dare',29,5,6),(14,65,'Rhea','Stehr',69,29,5),(15,22,'Trent','Langosh',4,1,2),(16,20,'Drake','Lowe',33,12,3),(17,52,'Jamar','Bechtelar',74,26,1),(18,68,'Domenick','Hyatt',35,29,4),(19,94,'Dariana','Boehm',100,4,6),(20,90,'Brenda','Dickinson',20,27,3),(21,58,'Jany','Ernser',87,28,3),(22,73,'Pierre','Wintheiser',49,26,5),(23,28,'Yadira','Blick',11,14,2),(24,34,'Samson','Zulauf',63,23,2),(25,1,'Hollis','Veum',52,8,4),(26,39,'Adelbert','Davis',76,4,3),(27,74,'Tiara','Kirlin',29,25,4),(28,32,'Thomas','Friesen',86,20,2),(29,66,'Rosetta','Frami',50,22,7),(30,13,'Alivia','Stanton',98,17,6),(31,14,'Nils','Eichmann',88,19,6),(32,98,'Rupert','Weimann',33,10,3),(33,1,'Ayla','Hoppe',67,27,7),(34,96,'Alexis','Daugherty',48,9,7),(35,69,'Ryder','Nolan',37,28,7),(36,72,'Rosalia','Klein',19,16,6),(37,90,'Violette','Legros',64,27,6),(38,43,'Teresa','Runte',49,25,5),(39,80,'Reagan','McClure',92,8,8),(40,7,'Deborah','Bosco',11,31,5),(41,63,'Winfield','Roob',53,1,4),(42,8,'Garrett','Altenwerth',60,9,3),(43,82,'Donnie','Wiza',49,11,2),(44,5,'Sheldon','Gusikowski',33,24,2),(45,43,'Otto','Gorczany',83,24,2),(46,12,'Tracey','Lubowitz',91,16,5),(47,69,'Amara','Langosh',82,7,2),(48,65,'Emmie','Johnson',8,19,8),(49,66,'Reyna','Wilkinson',83,11,5),(50,96,'Paris','Gerhold',33,29,8),(51,5,'Dallas','Boyer',95,17,7),(52,41,'Mitchel','Larson',24,26,3),(53,79,'Brielle','Willms',37,17,3),(54,98,'Delbert','Dooley',31,6,4),(55,55,'Raven','Conroy',32,11,2),(56,34,'Daron','Howe',85,6,5),(57,53,'Trace','Hackett',36,28,5),(58,22,'Viviane','Langosh',66,25,6),(59,42,'Ardella','Predovic',43,7,2),(60,100,'Dario','Swaniawski',27,25,5),(61,73,'Grady','Hessel',97,7,4),(62,30,'Natalia','Von',37,22,4),(63,20,'Patsy','Dietrich',2,25,7),(64,91,'Seth','Bahringer',5,28,7),(65,80,'Dora','Carroll',59,31,7),(66,46,'Dixie','Romaguera',2,7,6),(67,100,'Nettie','Lueilwitz',5,7,8),(68,57,'Coleman','Hane',80,11,3),(69,8,'Queenie','Runte',95,3,8),(70,100,'Ernesto','Gutmann',13,13,5),(71,80,'Duncan','Balistreri',88,25,2),(72,10,'Jamaal','Berge',62,19,4),(73,56,'Jamal','Cremin',70,19,4),(74,84,'Pasquale','Abshire',75,5,1),(75,4,'Meaghan','Bernier',5,2,7),(76,51,'Kasandra','Purdy',92,27,8),(77,13,'Greg','Veum',25,31,4),(78,82,'Annabelle','Wiza',6,11,3),(79,82,'Hudson','Pollich',1,26,3),(80,69,'Angelina','Gutkowski',24,31,3),(81,9,'Evangeline','Reilly',53,11,7),(82,31,'Alison','Walker',43,28,8),(83,98,'Effie','Feil',38,11,2),(84,31,'Elenora','Lind',98,2,8),(85,37,'Kevon','Feeney',91,6,5),(86,57,'Tremaine','Bode',10,27,8),(87,28,'Cora','Thiel',98,19,8),(88,21,'Angelina','Lesch',30,14,1),(89,54,'Leo','Greenfelder',88,12,5),(90,22,'Connor','Rippin',96,16,5),(91,31,'Fritz','Ward',16,13,8),(92,17,'Tyreek','Labadie',2,15,8),(93,2,'Arlie','Wiza',56,5,1),(94,78,'Lorenz','Kemmer',52,12,6),(95,27,'Korbin','Dare',10,13,1),(96,90,'Johnnie','Bauch',32,29,4),(97,64,'Lavina','Kunde',43,8,7),(98,6,'Madisen','Powlowski',32,17,5),(99,4,'Narciso','Shields',17,30,4),(100,22,'Lavada','Brekke',53,1,6);
/*!40000 ALTER TABLE `participants` ENABLE KEYS */;
UNLOCK TABLES;

--
-- Table structure for table `patricipants_in_film`
--

DROP TABLE IF EXISTS `patricipants_in_film`;
/*!40101 SET @saved_cs_client     = @@character_set_client */;
/*!50503 SET character_set_client = utf8mb4 */;
CREATE TABLE `patricipants_in_film` (
  `id` int(10) unsigned NOT NULL AUTO_INCREMENT,
  `movie_id` int(10) unsigned DEFAULT NULL,
  `participant_id` int(10) unsigned DEFAULT NULL,
  PRIMARY KEY (`id`),
  KEY `patricipants_in_film_movie_id_fk` (`movie_id`),
  KEY `patricipants_in_film_participant_id_fk` (`participant_id`),
  CONSTRAINT `patricipants_in_film_movie_id_fk` FOREIGN KEY (`movie_id`) REFERENCES `city` (`id`) ON DELETE SET NULL,
  CONSTRAINT `patricipants_in_film_participant_id_fk` FOREIGN KEY (`participant_id`) REFERENCES `participant_types` (`id`) ON DELETE SET NULL
) ENGINE=InnoDB AUTO_INCREMENT=501 DEFAULT CHARSET=utf8 COLLATE=utf8_unicode_ci COMMENT='Участники и создатели фильма';
/*!40101 SET character_set_client = @saved_cs_client */;

--
-- Dumping data for table `patricipants_in_film`
--

LOCK TABLES `patricipants_in_film` WRITE;
/*!40000 ALTER TABLE `patricipants_in_film` DISABLE KEYS */;
INSERT INTO `patricipants_in_film` VALUES (1,53,50),(2,30,4),(3,41,68),(4,48,67),(5,3,86),(6,37,13),(7,7,11),(8,11,65),(9,29,83),(10,46,86),(11,20,95),(12,47,79),(13,85,94),(14,17,83),(15,85,25),(16,93,96),(17,60,53),(18,89,64),(19,15,28),(20,99,42),(21,77,61),(22,2,78),(23,25,75),(24,29,21),(25,71,35),(26,79,52),(27,29,41),(28,15,9),(29,24,60),(30,69,58),(31,79,49),(32,19,5),(33,76,76),(34,17,10),(35,94,42),(36,49,77),(37,10,33),(38,5,92),(39,8,18),(40,25,8),(41,46,96),(42,62,50),(43,41,49),(44,78,66),(45,83,86),(46,19,41),(47,61,21),(48,87,7),(49,14,9),(50,92,100),(51,3,77),(52,1,86),(53,61,76),(54,49,91),(55,42,48),(56,82,23),(57,71,19),(58,82,56),(59,59,33),(60,4,41),(61,99,23),(62,91,26),(63,5,58),(64,8,30),(65,88,62),(66,18,58),(67,50,84),(68,39,91),(69,53,52),(70,28,54),(71,23,82),(72,75,5),(73,43,63),(74,37,71),(75,14,68),(76,65,86),(77,7,87),(78,89,83),(79,19,39),(80,6,57),(81,99,44),(82,61,99),(83,68,38),(84,15,91),(85,28,55),(86,63,89),(87,37,90),(88,98,88),(89,12,95),(90,20,17),(91,65,76),(92,36,97),(93,38,95),(94,82,62),(95,86,6),(96,89,99),(97,49,5),(98,26,37),(99,76,20),(100,67,94),(101,11,74),(102,93,52),(103,86,29),(104,41,61),(105,77,8),(106,28,48),(107,38,18),(108,10,99),(109,34,6),(110,87,97),(111,31,25),(112,21,100),(113,53,59),(114,61,78),(115,64,62),(116,44,72),(117,50,65),(118,32,25),(119,80,95),(120,26,16),(121,92,73),(122,94,3),(123,66,86),(124,49,82),(125,3,18),(126,77,45),(127,100,44),(128,1,50),(129,54,78),(130,98,40),(131,3,64),(132,89,57),(133,17,29),(134,79,51),(135,50,16),(136,46,40),(137,69,93),(138,37,9),(139,72,88),(140,18,8),(141,76,79),(142,28,8),(143,9,72),(144,25,81),(145,75,20),(146,30,77),(147,24,98),(148,22,20),(149,17,52),(150,34,76),(151,56,67),(152,13,83),(153,22,38),(154,21,77),(155,82,25),(156,65,35),(157,73,77),(158,21,26),(159,45,49),(160,11,68),(161,99,82),(162,79,24),(163,54,90),(164,7,78),(165,11,99),(166,19,68),(167,88,96),(168,94,51),(169,65,29),(170,93,33),(171,91,81),(172,20,58),(173,29,6),(174,20,86),(175,84,69),(176,20,48),(177,83,14),(178,82,67),(179,48,96),(180,82,76),(181,98,74),(182,37,87),(183,92,4),(184,2,27),(185,92,59),(186,96,79),(187,50,81),(188,6,84),(189,64,91),(190,28,91),(191,8,16),(192,83,40),(193,43,6),(194,38,31),(195,6,19),(196,1,94),(197,68,8),(198,7,55),(199,45,21),(200,63,69),(201,72,49),(202,55,49),(203,2,24),(204,1,45),(205,3,35),(206,66,89),(207,65,22),(208,95,4),(209,71,6),(210,81,50),(211,55,27),(212,31,32),(213,43,96),(214,28,60),(215,52,98),(216,85,38),(217,3,36),(218,14,39),(219,73,23),(220,36,56),(221,20,4),(222,41,3),(223,50,57),(224,97,86),(225,29,97),(226,85,69),(227,10,91),(228,95,3),(229,80,67),(230,54,7),(231,47,76),(232,40,99),(233,26,8),(234,18,90),(235,95,9),(236,100,32),(237,60,27),(238,65,50),(239,48,6),(240,44,23),(241,27,85),(242,83,17),(243,70,45),(244,68,85),(245,21,66),(246,18,94),(247,63,74),(248,77,15),(249,89,5),(250,58,61),(251,59,14),(252,97,35),(253,68,48),(254,70,58),(255,55,86),(256,52,80),(257,83,44),(258,4,50),(259,74,48),(260,78,24),(261,77,18),(262,47,11),(263,60,81),(264,11,44),(265,27,80),(266,48,5),(267,22,75),(268,26,8),(269,42,19),(270,44,9),(271,99,18),(272,3,12),(273,100,49),(274,100,40),(275,63,16),(276,43,54),(277,87,82),(278,59,33),(279,21,26),(280,73,19),(281,36,53),(282,35,39),(283,50,94),(284,49,17),(285,27,87),(286,97,81),(287,69,55),(288,66,89),(289,4,41),(290,37,31),(291,92,12),(292,17,65),(293,82,52),(294,62,25),(295,16,43),(296,89,53),(297,93,88),(298,90,96),(299,95,42),(300,60,72),(301,81,79),(302,16,51),(303,59,73),(304,1,80),(305,2,63),(306,64,83),(307,20,60),(308,57,89),(309,98,15),(310,17,68),(311,49,97),(312,84,68),(313,70,70),(314,99,90),(315,67,38),(316,26,26),(317,7,4),(318,66,72),(319,85,75),(320,88,68),(321,24,17),(322,40,41),(323,46,6),(324,7,20),(325,32,75),(326,30,45),(327,79,94),(328,22,58),(329,59,99),(330,62,9),(331,3,32),(332,23,12),(333,1,25),(334,94,63),(335,55,12),(336,42,32),(337,30,89),(338,64,84),(339,79,40),(340,35,17),(341,93,63),(342,31,8),(343,91,76),(344,6,51),(345,42,4),(346,64,85),(347,22,10),(348,73,23),(349,77,17),(350,50,29),(351,100,53),(352,1,35),(353,93,28),(354,85,23),(355,24,62),(356,61,89),(357,22,12),(358,80,38),(359,53,81),(360,98,40),(361,7,6),(362,40,38),(363,12,48),(364,29,63),(365,50,42),(366,76,48),(367,63,96),(368,98,69),(369,100,91),(370,38,9),(371,14,17),(372,42,2),(373,87,93),(374,67,51),(375,92,49),(376,35,80),(377,23,20),(378,34,31),(379,28,71),(380,71,85),(381,51,86),(382,44,76),(383,63,26),(384,52,62),(385,9,26),(386,42,11),(387,75,25),(388,42,20),(389,30,64),(390,42,7),(391,10,76),(392,22,45),(393,35,7),(394,63,26),(395,51,58),(396,31,54),(397,96,92),(398,5,11),(399,24,95),(400,54,46),(401,17,9),(402,73,24),(403,31,34),(404,51,20),(405,32,47),(406,1,5),(407,17,16),(408,14,70),(409,23,7),(410,64,67),(411,19,16),(412,51,75),(413,87,74),(414,10,62),(415,18,3),(416,20,58),(417,66,94),(418,43,87),(419,40,69),(420,6,85),(421,15,71),(422,14,12),(423,17,7),(424,74,6),(425,55,7),(426,87,6),(427,40,32),(428,75,40),(429,63,63),(430,44,90),(431,88,18),(432,79,16),(433,57,92),(434,78,23),(435,53,100),(436,86,67),(437,81,73),(438,28,10),(439,20,18),(440,92,1),(441,70,98),(442,96,85),(443,59,18),(444,45,15),(445,21,49),(446,81,19),(447,27,46),(448,9,35),(449,56,19),(450,43,20),(451,80,85),(452,22,6),(453,58,57),(454,67,100),(455,3,9),(456,57,94),(457,32,1),(458,94,77),(459,60,40),(460,18,45),(461,49,45),(462,100,64),(463,57,45),(464,49,42),(465,51,79),(466,15,29),(467,72,78),(468,39,92),(469,33,59),(470,20,53),(471,48,54),(472,25,6),(473,51,26),(474,16,1),(475,88,65),(476,63,61),(477,40,85),(478,73,41),(479,64,38),(480,82,85),(481,94,87),(482,16,58),(483,12,18),(484,83,13),(485,37,56),(486,15,18),(487,19,29),(488,72,99),(489,34,35),(490,48,84),(491,20,9),(492,6,94),(493,84,22),(494,27,77),(495,11,1),(496,57,35),(497,52,64),(498,4,99),(499,32,97),(500,73,10);
/*!40000 ALTER TABLE `patricipants_in_film` ENABLE KEYS */;
UNLOCK TABLES;

--
-- Table structure for table `profiles`
--

DROP TABLE IF EXISTS `profiles`;
/*!40101 SET @saved_cs_client     = @@character_set_client */;
/*!50503 SET character_set_client = utf8mb4 */;
CREATE TABLE `profiles` (
  `id` int(10) unsigned NOT NULL AUTO_INCREMENT,
  `image_id` int(10) unsigned DEFAULT NULL,
  `user_id` int(10) unsigned NOT NULL,
  `sex` char(1) CHARACTER SET utf8 COLLATE utf8_unicode_ci NOT NULL,
  `birthday` date NOT NULL,
  `city_id` int(10) unsigned DEFAULT NULL,
  PRIMARY KEY (`id`),
  KEY `profiles_image_id_fk` (`image_id`),
  KEY `profiles_user_id_fk` (`user_id`),
  KEY `profiles_city_id_fk` (`city_id`),
  CONSTRAINT `profiles_city_id_fk` FOREIGN KEY (`city_id`) REFERENCES `participant_types` (`id`) ON DELETE SET NULL,
  CONSTRAINT `profiles_image_id_fk` FOREIGN KEY (`image_id`) REFERENCES `city` (`id`) ON DELETE SET NULL,
  CONSTRAINT `profiles_user_id_fk` FOREIGN KEY (`user_id`) REFERENCES `users` (`id`) ON DELETE CASCADE
) ENGINE=InnoDB AUTO_INCREMENT=101 DEFAULT CHARSET=utf8 COLLATE=utf8_unicode_ci COMMENT='Профиль пользователя';
/*!40101 SET character_set_client = @saved_cs_client */;

--
-- Dumping data for table `profiles`
--

LOCK TABLES `profiles` WRITE;
/*!40000 ALTER TABLE `profiles` DISABLE KEYS */;
INSERT INTO `profiles` VALUES (1,68,47,'m','2004-01-11',37),(2,84,11,'f','2009-07-04',22),(3,20,96,'f','1993-10-12',58),(4,9,55,'m','1971-07-18',28),(5,33,80,'m','2012-08-28',92),(6,44,99,'f','1992-05-25',20),(7,79,43,'f','1990-02-11',56),(8,84,73,'m','2000-05-08',68),(9,14,40,'m','1986-11-19',13),(10,90,98,'m','2014-06-04',58),(11,55,96,'f','1976-06-11',89),(12,91,87,'m','1995-05-21',17),(13,65,96,'f','1970-08-17',1),(14,89,91,'m','1976-07-24',60),(15,33,12,'m','1983-11-11',36),(16,86,49,'m','1991-01-10',17),(17,72,90,'f','2003-10-08',40),(18,67,23,'m','1975-12-02',72),(19,13,99,'m','2016-03-21',53),(20,80,6,'m','1979-07-12',100),(21,20,67,'f','1990-09-07',28),(22,32,59,'m','2018-03-03',28),(23,99,99,'f','1987-09-23',56),(24,99,64,'f','1973-11-24',53),(25,77,53,'f','2000-11-24',88),(26,53,65,'m','2006-12-28',21),(27,98,99,'m','1971-02-26',32),(28,24,85,'f','2000-03-10',24),(29,4,61,'m','1997-02-01',41),(30,87,69,'m','1972-03-12',70),(31,87,8,'f','1993-07-20',45),(32,72,88,'f','1978-03-31',3),(33,26,21,'f','2000-11-06',54),(34,40,2,'m','1982-04-22',2),(35,57,83,'f','1987-11-12',20),(36,72,93,'m','1980-11-08',11),(37,60,88,'f','2003-05-24',65),(38,19,77,'f','1979-10-29',45),(39,31,49,'f','2000-07-09',47),(40,10,88,'f','2014-04-25',89),(41,43,16,'m','1990-02-10',40),(42,37,69,'m','1979-11-27',54),(43,65,59,'f','1993-10-31',77),(44,81,37,'m','2005-04-15',61),(45,60,51,'m','2000-09-25',93),(46,39,97,'f','1995-03-08',35),(47,56,80,'f','2018-12-17',57),(48,99,78,'f','1993-11-09',3),(49,66,37,'f','1990-09-07',4),(50,16,25,'m','1998-09-23',36),(51,44,81,'f','1975-03-27',76),(52,5,76,'f','2016-03-25',77),(53,27,90,'m','1982-02-27',55),(54,9,89,'m','2009-01-14',27),(55,59,88,'m','1996-12-15',21),(56,37,92,'f','1998-04-27',34),(57,56,76,'f','1983-01-11',41),(58,10,72,'m','2018-04-16',6),(59,67,99,'m','1977-04-11',46),(60,36,57,'m','1981-05-24',47),(61,85,27,'f','1997-04-26',69),(62,28,56,'m','2017-04-27',39),(63,99,48,'f','2004-07-20',66),(64,26,8,'f','2010-04-02',98),(65,51,13,'m','2013-06-05',36),(66,5,11,'m','2018-07-09',26),(67,28,78,'f','1977-12-28',34),(68,100,65,'m','1988-11-10',20),(69,75,13,'m','1986-11-08',42),(70,8,61,'f','2019-07-22',21),(71,20,82,'m','2003-01-06',91),(72,3,11,'f','1978-07-08',59),(73,8,30,'m','1988-01-23',96),(74,61,44,'f','2016-11-06',93),(75,38,84,'f','1994-12-28',71),(76,71,79,'m','1992-11-15',73),(77,69,93,'f','2007-12-02',26),(78,91,68,'f','2010-11-13',41),(79,42,73,'m','1996-08-19',88),(80,75,46,'m','2014-02-26',96),(81,37,31,'m','1982-10-22',100),(82,39,61,'f','2017-04-29',66),(83,40,7,'f','2018-11-20',45),(84,35,79,'m','1976-07-18',1),(85,68,82,'m','1991-10-01',80),(86,67,56,'m','2006-07-21',7),(87,24,4,'m','2008-05-10',14),(88,47,89,'m','1978-07-04',93),(89,33,71,'m','1997-02-20',72),(90,39,97,'m','1986-12-19',9),(91,37,6,'f','1995-05-08',4),(92,13,45,'m','1989-05-21',4),(93,55,88,'f','1975-11-06',4),(94,51,17,'f','2000-06-01',71),(95,3,44,'f','1982-11-17',25),(96,81,99,'m','2004-08-24',24),(97,60,39,'f','1987-06-15',72),(98,5,86,'f','1988-04-01',87),(99,42,69,'m','1985-01-05',60),(100,100,24,'f','2004-04-23',11);
/*!40000 ALTER TABLE `profiles` ENABLE KEYS */;
UNLOCK TABLES;

--
-- Table structure for table `rating`
--

DROP TABLE IF EXISTS `rating`;
/*!40101 SET @saved_cs_client     = @@character_set_client */;
/*!50503 SET character_set_client = utf8mb4 */;
CREATE TABLE `rating` (
  `id` int(10) unsigned NOT NULL AUTO_INCREMENT,
  `movie_id` int(10) unsigned DEFAULT NULL,
  `user_id` int(10) unsigned NOT NULL,
  `estimation` int(10) unsigned NOT NULL,
  `created_at` datetime DEFAULT CURRENT_TIMESTAMP,
  `testimonial_id` int(10) unsigned DEFAULT NULL,
  PRIMARY KEY (`id`),
  KEY `rating_movie_id_fk` (`movie_id`),
  KEY `rating_user_id_fk` (`user_id`),
  KEY `rating_testimonial_id_fk` (`testimonial_id`),
  CONSTRAINT `rating_movie_id_fk` FOREIGN KEY (`movie_id`) REFERENCES `movies` (`id`) ON DELETE CASCADE,
  CONSTRAINT `rating_testimonial_id_fk` FOREIGN KEY (`testimonial_id`) REFERENCES `testimonails` (`id`) ON DELETE SET NULL,
  CONSTRAINT `rating_user_id_fk` FOREIGN KEY (`user_id`) REFERENCES `users` (`id`) ON DELETE CASCADE
) ENGINE=InnoDB AUTO_INCREMENT=101 DEFAULT CHARSET=utf8 COLLATE=utf8_unicode_ci COMMENT='Рейтинг';
/*!40101 SET character_set_client = @saved_cs_client */;

--
-- Dumping data for table `rating`
--

LOCK TABLES `rating` WRITE;
/*!40000 ALTER TABLE `rating` DISABLE KEYS */;
INSERT INTO `rating` VALUES (1,27,94,6,'1981-02-25 04:14:15',54),(2,37,42,1,'2005-01-17 04:29:32',37),(3,99,51,7,'1974-12-09 02:45:08',25),(4,11,53,1,'2006-11-11 02:16:52',12),(5,24,22,7,'1975-08-29 08:29:44',84),(6,42,74,1,'1972-11-26 18:48:26',85),(7,95,60,2,'1980-07-03 13:59:19',70),(8,55,30,1,'1988-07-13 03:10:52',97),(9,4,57,8,'1995-09-03 13:45:48',74),(10,69,1,2,'2006-04-27 23:11:00',80),(11,100,42,2,'2007-10-26 14:12:16',77),(12,47,35,10,'1972-04-04 15:04:34',44),(13,77,50,6,'2014-11-29 18:25:26',87),(14,28,92,5,'1977-12-28 15:37:00',2),(15,30,44,7,'1982-10-12 02:46:51',52),(16,94,34,2,'2000-01-10 21:15:00',50),(17,65,64,10,'1990-02-08 12:26:37',96),(18,47,30,1,'2006-12-18 01:20:13',27),(19,73,11,6,'2018-06-03 19:22:45',47),(20,65,72,2,'2018-12-05 06:17:44',55),(21,3,82,10,'1988-06-04 23:54:57',33),(22,84,59,1,'1988-01-17 16:55:37',99),(23,56,76,6,'1985-12-26 11:06:41',96),(24,6,29,4,'1997-09-16 21:27:45',82),(25,62,89,10,'2018-04-29 10:05:06',21),(26,92,6,5,'2012-10-17 22:08:44',60),(27,2,17,3,'1973-09-23 04:17:46',35),(28,37,41,10,'2008-03-11 12:44:05',96),(29,18,98,1,'1986-12-13 18:44:23',74),(30,82,26,3,'2017-06-26 15:06:31',81),(31,53,31,4,'1977-09-15 02:06:11',83),(32,94,8,3,'1972-01-13 19:02:20',70),(33,90,98,10,'1990-01-08 19:48:01',1),(34,61,52,4,'1970-05-31 02:55:30',96),(35,100,69,8,'2019-07-29 08:34:03',75),(36,14,41,3,'1996-02-22 17:49:10',86),(37,8,82,9,'1989-01-23 17:57:22',4),(38,93,17,2,'1983-11-25 07:26:58',63),(39,85,63,2,'2003-06-23 20:23:03',1),(40,100,26,2,'1996-02-29 15:49:25',17),(41,39,17,5,'1995-08-04 12:25:21',79),(42,14,2,7,'1997-06-01 17:17:50',45),(43,57,73,7,'2012-10-08 00:13:19',87),(44,60,57,3,'1995-10-29 02:03:26',1),(45,47,96,7,'2000-02-23 05:15:44',43),(46,61,90,2,'1998-01-18 02:46:37',10),(47,22,66,6,'1989-01-05 17:18:22',19),(48,50,26,1,'1988-03-14 12:10:04',67),(49,72,75,2,'1981-01-09 06:41:37',78),(50,26,12,8,'2003-10-03 03:47:57',88),(51,8,59,6,'2005-01-09 15:33:51',5),(52,87,44,2,'1995-12-27 18:42:03',60),(53,10,69,8,'1977-01-22 02:48:34',86),(54,61,83,10,'2012-10-04 13:15:13',49),(55,17,98,5,'1971-08-16 00:44:13',88),(56,41,66,1,'1976-09-13 05:37:03',91),(57,52,7,2,'1972-11-16 21:49:03',90),(58,35,1,7,'2015-11-15 00:39:21',76),(59,94,84,8,'1982-01-13 09:16:18',12),(60,59,57,4,'2017-01-23 04:49:59',30),(61,45,75,1,'1987-10-13 14:10:17',14),(62,46,62,4,'1979-01-05 05:05:24',80),(63,45,49,8,'2014-07-26 18:09:17',58),(64,73,74,6,'1977-06-18 04:51:00',47),(65,84,36,5,'1992-04-19 03:41:25',63),(66,86,77,6,'1974-11-26 03:42:21',71),(67,4,92,1,'2012-07-11 04:01:21',67),(68,3,18,4,'1996-03-20 16:29:46',23),(69,92,44,5,'2017-05-27 03:09:03',12),(70,50,88,8,'2008-04-19 10:05:57',89),(71,13,7,4,'1991-09-29 16:24:32',8),(72,76,13,4,'2000-10-19 01:01:35',74),(73,51,75,1,'2007-09-13 13:03:48',47),(74,10,43,1,'2003-12-30 17:45:21',12),(75,41,78,7,'1985-07-21 04:58:13',18),(76,95,34,9,'2020-01-27 08:44:49',56),(77,93,65,9,'2009-07-08 10:48:49',22),(78,64,52,3,'1978-01-21 12:09:01',42),(79,15,28,9,'2010-07-20 15:46:22',46),(80,79,25,3,'1983-12-17 15:52:41',2),(81,68,47,10,'2008-01-23 01:28:54',70),(82,1,1,7,'1983-04-29 16:54:56',47),(83,97,68,7,'1999-07-07 08:26:18',22),(84,69,81,8,'1995-10-25 06:19:28',67),(85,57,86,10,'2019-01-26 20:55:27',72),(86,73,37,1,'1980-06-11 15:24:57',57),(87,34,72,2,'1991-10-05 05:00:49',67),(88,46,73,7,'2004-10-17 22:53:15',66),(89,13,38,7,'2006-05-17 15:17:08',29),(90,39,10,9,'1991-11-20 01:28:11',47),(91,44,13,5,'1977-10-02 09:21:00',44),(92,18,49,4,'1993-03-19 15:16:38',81),(93,10,79,10,'2017-05-05 03:59:24',74),(94,58,75,6,'1976-10-05 06:49:06',25),(95,80,88,10,'2011-09-03 23:11:35',1),(96,29,11,2,'2007-08-11 18:46:44',29),(97,9,46,7,'2019-09-03 03:14:58',45),(98,87,61,9,'2001-04-20 18:22:55',34),(99,58,70,3,'2001-01-29 15:18:03',36),(100,26,4,2,'2019-10-27 00:38:07',79);
/*!40000 ALTER TABLE `rating` ENABLE KEYS */;
UNLOCK TABLES;

--
-- Table structure for table `testimonials`
--

DROP TABLE IF EXISTS `testimonials`;
/*!40101 SET @saved_cs_client     = @@character_set_client */;
/*!50503 SET character_set_client = utf8mb4 */;
CREATE TABLE `testimonials` (
  `id` int(10) unsigned NOT NULL AUTO_INCREMENT,
  `from_user_id` int(10) unsigned NOT NULL,
  `movies_id` int(10) unsigned NOT NULL,
  `body` text CHARACTER SET utf8 COLLATE utf8_unicode_ci NOT NULL,
  `create_at` datetime DEFAULT CURRENT_TIMESTAMP,
  PRIMARY KEY (`id`),
  KEY `testimonials_from_user_id_fk` (`from_user_id`),
  KEY `testimonials_movies_id_fk` (`movies_id`),
  CONSTRAINT `testimonials_from_user_id_fk` FOREIGN KEY (`from_user_id`) REFERENCES `users` (`id`) ON DELETE CASCADE,
  CONSTRAINT `testimonials_movies_id_fk` FOREIGN KEY (`movies_id`) REFERENCES `movies` (`id`) ON DELETE CASCADE
) ENGINE=InnoDB AUTO_INCREMENT=101 DEFAULT CHARSET=utf8 COLLATE=utf8_unicode_ci COMMENT='Отзыв';
/*!40101 SET character_set_client = @saved_cs_client */;

--
-- Dumping data for table `testimonials`
--

LOCK TABLES `testimonials` WRITE;
/*!40000 ALTER TABLE `testimonials` DISABLE KEYS */;
INSERT INTO `testimonials` VALUES (1,76,24,'Velit et voluptatum quia iure velit eligendi. Magnam aut iure non maiores. Quos inventore laborum aut deserunt et.','1975-12-22 00:24:50'),(2,89,90,'Voluptatem molestiae fuga sit animi. Labore vitae qui iusto. Iure voluptatibus minus ipsam incidunt. Voluptas dolor delectus veritatis quia iste voluptatem animi.','1976-02-21 04:16:22'),(3,63,44,'Voluptatibus et occaecati unde sint facilis. Quo libero fugit veritatis tempore quas. Consequatur quo non harum rerum.','1998-12-10 08:36:44'),(4,19,64,'Assumenda sunt et suscipit nobis. Voluptates omnis voluptate tempore dolorem sed. Voluptas inventore cumque qui placeat ratione excepturi unde non. Et et quis est mollitia.','1993-02-19 23:31:41'),(5,87,16,'Ut facilis quisquam dolorem. Eos sint maxime quam velit. Voluptas nihil quisquam voluptas accusamus magni omnis.','1974-06-29 21:31:51'),(6,77,91,'Eos fugit ex numquam beatae dolorem mollitia. Praesentium et esse dignissimos odio consequatur sequi. Non unde pariatur tempora consequatur ipsam libero voluptates est.','1992-07-24 14:26:34'),(7,58,4,'Alias quas ex unde sit rem sint. Corporis nihil et non ut et. Illum voluptas nihil ullam dolore odit vero modi.','1989-10-27 09:59:30'),(8,53,81,'Rem beatae qui commodi consequatur quam corporis quam. Nihil voluptatem perferendis quisquam illum sint est neque.','1983-10-04 21:12:19'),(9,8,92,'Aspernatur sunt ducimus sequi. Quas rerum harum consectetur et. Modi repellendus doloribus incidunt iusto iure id cumque.','2007-05-02 08:10:35'),(10,48,20,'Deserunt eligendi delectus consequatur voluptas saepe accusantium numquam voluptatibus. Voluptas quibusdam hic eos fugiat ipsum tenetur qui. Et enim hic qui nostrum quidem quaerat omnis.','2015-02-09 02:00:42'),(11,44,78,'Facere velit similique nobis incidunt accusamus ea. Sed reiciendis alias facilis voluptatem.','1978-09-13 19:27:24'),(12,74,6,'Quia doloremque ducimus quo sit non. Eligendi magnam perferendis placeat pariatur laborum inventore quibusdam. Voluptatem unde inventore quos ullam.','1992-08-24 04:14:40'),(13,52,37,'Impedit facilis omnis magnam maiores. Autem et et voluptate. Iste aut officiis ut velit consequatur ea repudiandae.','2010-09-06 20:00:30'),(14,25,56,'Culpa facilis id eaque maxime qui repellendus. Ex unde dolorem provident minima. Id accusantium possimus doloremque. Dolores porro vitae recusandae quas et. Magnam unde sed ducimus iste.','2004-10-24 21:22:36'),(15,72,46,'Qui ut nihil rerum at soluta voluptas in. Quo qui cupiditate aut eius repudiandae repudiandae. Velit quasi vel facilis tempora totam est.','1981-09-01 04:20:51'),(16,44,19,'Molestiae voluptates sint fugit consectetur. Nihil adipisci eos voluptatem iure. Neque quasi quae deserunt. Dolorum voluptatem delectus illum rem adipisci.','1996-04-24 11:10:24'),(17,65,3,'Suscipit nihil error quam rerum magni laboriosam. Fugit ea enim nesciunt sint nostrum. Et neque doloribus in.','2002-04-02 17:04:42'),(18,27,42,'Aut dolore aperiam quod unde. Minus cumque ut atque iste deserunt error. Non itaque qui sed voluptatibus laborum vel qui.','2001-08-08 07:38:29'),(19,58,64,'Minus doloribus repudiandae odit aut vitae. Nam alias veritatis ducimus et placeat et commodi. Ut nihil eos sit sint sit quo.','2016-06-11 11:04:16'),(20,45,59,'Iste et ipsa sunt laborum rem autem quo. In tenetur aliquam et possimus earum fuga similique.\nDelectus sed et quia eligendi. Sunt dolorem dicta autem officia fugiat dolore.','1982-02-05 12:37:53'),(21,96,57,'Voluptate quia neque dolorem corporis et. Est accusantium odio et vero iusto maiores error ea. Mollitia cupiditate odit dignissimos et beatae ipsam.','1979-10-03 09:27:16'),(22,44,80,'Explicabo sequi aut autem fugit eos. Neque autem voluptatem nam beatae id deserunt. Recusandae qui vitae reiciendis enim et. Culpa voluptatem id aperiam.','2005-08-02 05:06:21'),(23,96,88,'Praesentium molestiae natus voluptates magnam. Soluta autem aspernatur est. Et culpa sapiente ut quo voluptatem delectus. Recusandae ea laboriosam adipisci dolor totam.','2019-01-28 20:00:14'),(24,68,97,'Quos saepe et minus odio laboriosam aliquid quidem. Impedit tenetur et quia voluptatibus non ut. Magnam est eaque veritatis amet.','2003-02-26 01:32:12'),(25,21,86,'Exercitationem repudiandae voluptatem mollitia. Deleniti deserunt ut eum voluptatem quod. Distinctio voluptates dolores est totam ut mollitia ea.','1971-04-29 22:16:13'),(26,57,92,'Placeat quisquam voluptas autem nihil veniam voluptas voluptatem. Nisi eum odio a. Enim vero quae ut dignissimos. Optio quos sint voluptatem aut ad et.','1973-09-23 14:27:46'),(27,84,39,'Corrupti aperiam nihil consequatur. Sit cupiditate velit maiores atque. Qui libero eveniet voluptas numquam velit consequatur.','2013-11-10 22:54:00'),(28,28,48,'Quia et consequatur deleniti sunt dolore doloremque dolores. Est consequuntur nulla voluptatibus qui saepe natus aliquam at. Et et autem a at architecto odio ullam.','1986-03-23 11:58:55'),(29,62,68,'Eum quaerat voluptas iste facilis tenetur aut. Aut debitis tenetur et vero cupiditate quo nihil vel. Sint placeat quod molestias ut quo iusto quam. Corrupti ipsa consequatur eius qui.','1972-12-26 17:03:40'),(30,50,89,'Aspernatur aut molestiae sunt qui. Nam non voluptatem hic suscipit vel nisi facere.','1971-08-07 10:10:22'),(31,34,45,'Quas incidunt enim rerum. Error maiores quia sed quas. Aspernatur qui et aut molestiae illo. Totam autem ullam ipsam vel.','1981-06-30 03:00:52'),(32,26,4,'Occaecati quo repudiandae repellat aliquam. Tempore at voluptatem error qui velit. Qui et quisquam consequatur vel consectetur voluptas.','1989-04-05 07:01:06'),(33,52,71,'Voluptates aspernatur nam illo veniam neque. Consequatur quam aliquid ad sequi. Repellat mollitia voluptatem qui.','2000-12-05 11:00:02'),(34,8,38,'Vitae et id et facilis neque hic qui. Earum cupiditate aspernatur consequatur tenetur porro vel molestiae. Excepturi est officiis nemo vitae.','2000-11-23 15:03:05'),(35,9,19,'Dignissimos dolores ut occaecati nobis consequuntur. Magni maxime omnis minima laboriosam eveniet quos ea. Placeat voluptas tempora ipsam. Aliquid sit dolores minus cupiditate ut rerum.','2006-05-23 14:59:16'),(36,21,56,'Doloremque rerum alias non ut omnis est. Doloremque et velit et pariatur non est sequi delectus. Sed ducimus qui et quia reprehenderit.','1999-08-10 03:19:46'),(37,23,17,'Velit ab eos non aut. Non in dolorum officiis rerum voluptatibus provident. Hic debitis corporis iusto aliquam dolores nemo quibusdam aliquam. Ut fuga quia delectus laborum.','1995-04-01 04:06:13'),(38,65,38,'Qui et recusandae magni hic eaque et. Sed impedit sint facere mollitia commodi voluptas rem repudiandae. Excepturi perspiciatis debitis animi.','1979-09-07 15:26:26'),(39,7,75,'Voluptatum doloremque sed officia rerum. Distinctio distinctio doloremque officiis recusandae nihil voluptatem. Aut est tempora modi eius velit ut magni.','1999-06-26 18:50:30'),(40,30,100,'Cupiditate neque temporibus unde nisi ut ipsum. Deserunt quia vero et ea quos expedita. Ut voluptatem eveniet nobis sed. Nihil consequuntur labore hic occaecati.','2016-11-30 16:57:34'),(41,39,1,'Veniam voluptas eos occaecati architecto. Quisquam doloribus quia eaque alias laboriosam. Maxime commodi aut iure nihil excepturi autem et.','1992-11-14 16:54:06'),(42,95,68,'Cupiditate doloremque est mollitia expedita explicabo ut. A consequatur qui quibusdam voluptatem et. Quis doloribus quia iure labore nesciunt voluptatem reprehenderit autem.','1992-06-01 18:18:38'),(43,44,87,'Eius et aut neque aperiam. Magnam iste dolor aut ut et et mollitia et. Debitis cupiditate suscipit quo.','1989-03-31 10:22:13'),(44,73,95,'Est aut qui aliquid est blanditiis corporis quo. Ipsam quis sint illum nam sunt. Aut et voluptatem hic error dicta aliquid. Ipsa nobis animi voluptatibus est laborum eius.','1970-09-04 08:33:39'),(45,85,62,'Et ipsam ratione in non sapiente necessitatibus et. Consequatur dolor culpa qui sed voluptatibus delectus.','1974-06-11 16:12:54'),(46,55,50,'Et ut accusamus dolorem optio dolorem quod perspiciatis omnis. Quisquam magni quia a. Dolorem dicta quaerat quis atque doloribus aliquid natus.','2013-04-19 10:18:23'),(47,15,65,'Dicta praesentium odit quo id nemo error. Molestiae est vitae repellat illo corporis inventore. Est tempora et doloribus voluptatibus. Cumque numquam et aspernatur temporibus.','1997-01-24 08:09:44'),(48,18,24,'Quos ea eaque aspernatur delectus suscipit officia id rerum. Voluptas assumenda et maxime repellendus. Blanditiis asperiores eius tempore dolorem. Sed suscipit delectus officiis numquam.','1982-12-23 16:35:29'),(49,96,50,'Porro quibusdam voluptatem nisi expedita quae in. Fuga et ipsum fugiat atque corporis. In quibusdam sit aut ad vel aut libero. Quibusdam quis voluptas praesentium expedita debitis eum.','1998-05-02 03:42:35'),(50,23,12,'Quas aut est consequuntur est ut consequuntur. Architecto tempore corporis ipsa vero magni sunt ut. Explicabo architecto et nisi et molestiae.','2000-04-29 02:01:04'),(51,78,46,'Perferendis quos minima ut tempore est. Ab aut amet ea a. Saepe non distinctio omnis voluptatem.','1974-03-12 16:38:17'),(52,74,34,'Laborum autem labore nemo voluptatibus in repellat itaque. Quidem vero culpa temporibus eum eligendi adipisci autem. A et et aut.','1991-01-29 09:03:41'),(53,79,82,'Quia qui doloremque est ab in rem. Sunt enim praesentium qui voluptatibus. Sed illum sint et et. Sint modi et laboriosam.','1972-10-24 01:43:34'),(54,7,89,'Architecto dolor fugit error earum ea vel est voluptas. Molestiae et nisi atque aliquam. Culpa consequatur consequatur ut qui velit quia. Quia sint et reiciendis omnis sapiente.','1970-10-20 07:47:43'),(55,67,63,'Et dolor ab at voluptate qui. Est et veniam voluptatem odio sint exercitationem. Voluptates officiis eos eligendi sit temporibus. Odio error exercitationem sunt necessitatibus id.','1980-10-17 09:42:48'),(56,39,70,'Temporibus ut recusandae atque velit libero. Possimus ut fugit sapiente tempora ratione. Autem numquam consequatur temporibus totam aut maiores. Minima quis consequatur dolore.','1978-12-31 06:29:11'),(57,64,35,'Quia non fuga at non accusamus possimus omnis occaecati. Eum rem architecto est occaecati saepe enim expedita.','2016-11-15 10:01:48'),(58,17,16,'Quae et quod ducimus sint perferendis magnam assumenda asperiores. Eos tenetur id consequatur veritatis odit et.','1988-07-01 15:10:47'),(59,30,66,'Laborum amet harum totam autem assumenda dolorum qui. Alias voluptatum reprehenderit dolores in numquam. Corrupti ipsa aliquam rerum minus possimus deserunt.','1976-07-23 21:04:12'),(60,93,66,'Et error amet quo repellat iusto enim ad omnis. Explicabo unde porro sint non nostrum quasi ex rerum.','1971-04-27 01:48:49'),(61,8,46,'Qui exercitationem ipsa sunt quae voluptas praesentium rerum necessitatibus. Harum aperiam vitae neque.','2019-03-24 01:35:41'),(62,59,98,'Excepturi ea accusamus sed. Amet voluptatem aperiam quo non ut. Dolorem quod nobis nihil molestiae. Voluptatibus sit consequuntur sit modi.','1983-03-20 10:22:17'),(63,49,100,'Provident non expedita dolor consequatur rerum qui aut. Eum tempore consequatur ut nobis iure. Et dicta quidem fuga ipsa. Nihil aliquam iste ipsam sunt sequi aspernatur. Vitae sed occaecati rem.','2009-10-04 11:00:15'),(64,94,34,'Sapiente doloremque iste mollitia et voluptas sit. Corporis ex rerum odit commodi commodi harum et. Minima facere alias omnis sit. Et architecto tenetur suscipit aut aut dolorem fuga.','1978-07-04 17:44:34'),(65,82,41,'Laudantium nisi repellendus illum incidunt odio natus sint ipsa. Sequi voluptas ducimus omnis reiciendis omnis. Necessitatibus eos at aliquam at ea.','1989-04-24 23:02:16'),(66,33,36,'Provident est ut voluptatem est et laboriosam quam. Eos ut magnam sed laudantium. Doloribus a dolor et. Est numquam sed optio accusamus.','1998-06-26 22:29:20'),(67,97,77,'Et quibusdam est minima ab. Beatae laudantium necessitatibus numquam aut. Doloribus rerum reiciendis ipsum deleniti eligendi voluptate repellat qui. Quia est id magni blanditiis.','1988-08-10 15:34:06'),(68,53,9,'Est architecto iste recusandae laudantium quae animi. At placeat dolores animi ipsa voluptas. Expedita eaque fugit et nesciunt.','2006-07-08 10:10:11'),(69,4,38,'Unde nostrum modi temporibus quia porro quia laborum. Nobis saepe ullam quod sint et.','1975-08-02 23:09:18'),(70,33,74,'Nulla ea eos fugit ipsum et. Quia ipsum non quidem veritatis nihil voluptas. Rerum qui tempore aut aut rerum voluptatibus est placeat.','1982-11-26 19:59:49'),(71,57,22,'Sunt est et rem aliquam aut. Ipsa sed recusandae dolorem ipsam. Qui expedita aut voluptatem debitis ut quos voluptas.','1997-01-31 07:03:56'),(72,68,66,'Molestiae culpa nam hic quisquam nobis enim atque. Rem dignissimos ex incidunt. Ullam fugit mollitia nihil aut dolore eum. Voluptatem quas maiores maiores sed. Nisi nulla ratione et odit.','1985-10-06 20:32:29'),(73,29,5,'Blanditiis et nihil aliquam et ad minima ad. Quam maiores dolor dolore.','2012-12-29 19:26:38'),(74,73,92,'Ducimus fuga odit inventore veritatis provident aperiam. Est distinctio rerum natus rerum voluptatem nostrum. Quia fuga eveniet enim aut distinctio nam qui.','1978-01-04 02:47:07'),(75,90,62,'Maxime illo voluptates molestiae facilis. Amet minima ad et. Eos nulla nostrum nobis aut ipsa tenetur.\nA nisi earum nemo sequi minima adipisci et. Velit voluptate velit magni beatae quia ipsam.','2003-09-06 09:13:33'),(76,45,97,'Ut soluta repudiandae officiis. Veniam quas voluptatibus dolorem harum. Quidem maxime omnis dicta eius amet ad ut.\nNulla quaerat sit autem natus. Maiores veritatis sed omnis explicabo ab ut repellat.','2018-01-16 16:05:52'),(77,32,43,'Voluptas id nihil eum omnis eaque. Ullam voluptas ut neque nobis qui aut. Quisquam in quos minima ipsa.','1999-03-05 21:27:44'),(78,61,79,'Dolorum iure dolores recusandae ipsam. Cupiditate officiis ut porro illo nemo. Et aut aut ipsam harum voluptate quia.','1977-07-18 03:41:31'),(79,20,93,'Eum ut sint asperiores nesciunt totam repellendus tempore. Sint quo repellat veniam sunt et perspiciatis saepe aut. Qui non distinctio velit reiciendis.','2006-08-05 12:39:04'),(80,77,34,'Magni ut praesentium fugit a ut. Est suscipit non error molestiae iste saepe. Excepturi velit facere et minima esse id consequatur est. Commodi consequatur animi reprehenderit qui nam.','2000-11-19 13:43:31'),(81,99,5,'Vel ea ratione veritatis dolore temporibus nesciunt quasi. Facere non recusandae asperiores necessitatibus. Neque nulla fuga eos quia temporibus eum.','1972-09-16 23:48:02'),(82,69,79,'Vero magni quas quia eaque sunt ut. Asperiores architecto quo nemo omnis voluptatem et quis. Similique vero impedit quia dolores. Doloribus rerum quis voluptatum est adipisci.','1995-11-07 06:45:10'),(83,98,79,'In ullam facere recusandae. Ipsam qui saepe et animi perferendis aliquid. Distinctio neque at tempore eum.','2017-12-17 10:47:00'),(84,84,96,'Odit quo tempore illum quod aperiam consequatur. Quis quia magni ea mollitia. Repellat consequatur molestiae praesentium nulla hic ipsum. Quis reiciendis nostrum est molestiae.','1977-08-11 18:30:33'),(85,86,51,'Mollitia ullam provident aperiam iure porro placeat. Repudiandae ipsam assumenda itaque excepturi soluta. Numquam commodi occaecati nam et nulla recusandae perspiciatis.','1976-05-19 20:17:19'),(86,83,44,'Facere explicabo et reprehenderit soluta libero. Dolores ipsa consequuntur et libero nihil quia. Aperiam tempore quam excepturi.','2013-01-04 14:05:56'),(87,60,87,'Ea dolorum debitis ut nesciunt voluptatem. Totam eligendi enim alias. Cupiditate voluptas natus cupiditate voluptatem consequatur. Aspernatur et qui qui ea ea.','1974-08-27 10:59:31'),(88,96,5,'Quia exercitationem explicabo sed qui. Voluptatum ut non nihil cupiditate neque. Sit aperiam consequuntur est eius omnis qui a expedita.','2008-06-03 13:16:52'),(89,51,64,'Et voluptas vel facere commodi. Occaecati rerum non non distinctio. Eaque inventore amet atque cumque.','2000-01-20 09:05:29'),(90,50,45,'Ullam tempore qui ut sapiente omnis. Temporibus non molestiae corrupti velit maiores aliquam. Necessitatibus provident facere quia numquam et minus.','1981-01-24 09:04:34'),(91,31,17,'Dicta velit magni accusantium tenetur ut dicta ab. Voluptate velit nisi ea quos sunt. Voluptatem eveniet et nisi alias error ea sint.','1977-02-26 10:40:40'),(92,57,12,'Facilis nam excepturi eos doloribus minima assumenda sint. Quo atque unde perspiciatis. Sequi quibusdam qui est sint. Enim expedita quis totam.','2006-11-24 03:38:48'),(93,12,3,'Repellendus maiores hic quas aut quia aliquam excepturi. Dolores molestias dolores et est. Fugit quae dolorem amet ea necessitatibus nesciunt est.','1989-03-07 09:25:14'),(94,94,92,'Nostrum quisquam incidunt dolor non. Non enim voluptate expedita et maxime omnis corrupti aspernatur. Est nostrum numquam aut et.','2007-01-12 18:12:29'),(95,22,4,'Laborum ab quia et voluptatem est dicta porro. Laboriosam doloremque eius reprehenderit est. Et eveniet nihil modi blanditiis esse. Eos maxime totam quas similique molestiae qui.','1972-05-26 02:14:08'),(96,13,27,'Facere possimus dolorem iusto est. Temporibus asperiores maiores ex repellat quo non doloribus. Autem et velit qui.','2007-09-28 10:03:54'),(97,42,25,'Ut esse sapiente error assumenda laudantium commodi voluptatem. Eius inventore cum assumenda dolores nihil. Occaecati et possimus et ipsa. Omnis optio distinctio iure nulla.','2014-03-07 06:52:57'),(98,68,75,'Quis nemo et qui accusamus hic atque voluptate. Est dignissimos est vel minima eius eos non. Aut debitis porro nesciunt enim consequatur voluptas atque fugiat.','1974-07-02 00:36:04'),(99,23,4,'Qui eaque quos iusto et dolores tenetur et. Aut id cum ipsum voluptatem aspernatur corrupti et. Omnis ab accusantium voluptatem pariatur culpa et molestiae cum.','1988-06-03 20:14:54'),(100,28,17,'Voluptatem ut architecto qui sit sed et dolor. Ut nulla saepe et incidunt voluptas in eaque. Sed veritatis cum soluta molestiae cupiditate. Doloremque maiores dolores nesciunt voluptas.','1994-12-16 17:33:54');
/*!40000 ALTER TABLE `testimonials` ENABLE KEYS */;
UNLOCK TABLES;

--
-- Table structure for table `trailers`
--

DROP TABLE IF EXISTS `trailers`;
/*!40101 SET @saved_cs_client     = @@character_set_client */;
/*!50503 SET character_set_client = utf8mb4 */;
CREATE TABLE `trailers` (
  `id` int(10) unsigned NOT NULL AUTO_INCREMENT,
  `name` varchar(255) CHARACTER SET utf8 COLLATE utf8_unicode_ci NOT NULL,
  `lang_id` int(10) unsigned DEFAULT NULL,
  PRIMARY KEY (`id`),
  UNIQUE KEY `name` (`name`),
  KEY `trailers_lang_id_fk` (`lang_id`),
  CONSTRAINT `trailers_lang_id_fk` FOREIGN KEY (`lang_id`) REFERENCES `languages` (`id`) ON DELETE SET NULL
) ENGINE=InnoDB AUTO_INCREMENT=101 DEFAULT CHARSET=utf8 COLLATE=utf8_unicode_ci COMMENT='Информация о трейлере';
/*!40101 SET character_set_client = @saved_cs_client */;

--
-- Dumping data for table `trailers`
--

LOCK TABLES `trailers` WRITE;
/*!40000 ALTER TABLE `trailers` DISABLE KEYS */;
INSERT INTO `trailers` VALUES (1,'Tenetur temporibus esse ad. Eos nesciunt sed dolorem.\nSunt et qui laborum voluptatibus. Suscipit rerum dolor minus doloremque. Earum tempora explicabo vitae officiis eum.',9),(2,'Omnis possimus dolor non quaerat in rerum aut. Laudantium eum molestiae non sequi repellat. Corporis officia voluptatem consequuntur aut.',7),(3,'Nam animi commodi fugit quam reprehenderit. Ducimus molestiae laboriosam nostrum adipisci. Dolore voluptate et numquam consequuntur.',8),(4,'Perspiciatis culpa harum sequi autem nisi quibusdam. Qui dolores repellat sit et asperiores dolores earum quis. Cupiditate asperiores autem iure soluta repudiandae dolorem.',6),(5,'Similique rerum deleniti suscipit voluptatum delectus nihil dolore. Accusamus fuga ut vero soluta. Voluptatem architecto corrupti aut. Sint aliquam magnam voluptatem illum fuga.',7),(6,'In voluptatem qui corrupti ut ut natus nulla. Fugit est aut porro non aut repellendus voluptas. Accusamus alias qui numquam quae. Et eaque eligendi aliquid rerum officiis labore debitis sint.',4),(7,'Commodi sit molestias repudiandae quas sed neque dolor. Sint tenetur nostrum sit accusamus incidunt. Magnam maxime et provident iure. Quam qui ea laudantium quis aut.',2),(8,'Aperiam et est voluptas et. Non inventore ipsum quod assumenda nam illo iusto. Vel natus ut culpa distinctio aperiam dolorem.',6),(9,'Recusandae quo nisi porro dolor labore ratione dolor. Voluptas ab vitae sapiente ab quod. Recusandae non possimus cumque repudiandae minima molestiae repellat iusto.',4),(10,'Dolor rerum sit tempore porro commodi eligendi consequuntur est. Dolores voluptas ab odit ea sed. Corporis aliquid rerum est. Illum molestiae doloremque architecto placeat eius.',10),(11,'Sed explicabo magnam laborum facilis. Voluptatem impedit et quos sapiente officiis. Animi quo est aut.\nItaque non cupiditate voluptatem tempora. Reiciendis vitae earum suscipit est.',9),(12,'In atque quam dicta et inventore. Totam eum rerum molestias consectetur illo. Sint et quam vitae ab.\nPlaceat id qui omnis et suscipit voluptatibus. Atque et porro velit odio velit cupiditate maiores.',5),(13,'Tenetur illo ducimus quia voluptas ea qui omnis. Cumque iusto sit quo voluptatem quae. Velit quisquam autem saepe officiis.',7),(14,'Voluptatem vel eum enim nemo dolorem enim. Omnis velit quam laboriosam est temporibus quia molestias. Est id accusamus soluta sed.',9),(15,'Aut aut et quis eos voluptate et. Consequatur veritatis quam dolorum itaque perspiciatis labore. Et et temporibus sed alias. Quia ut culpa est ut error.',6),(16,'Eaque occaecati sunt et reiciendis autem dolor. Enim quos consequuntur voluptatem asperiores dicta veritatis. Consectetur quidem temporibus blanditiis nostrum repellendus.',10),(17,'Vel molestias odit saepe fugit inventore cum. Quisquam officiis itaque deserunt aut aut amet. Omnis et vel et vel dignissimos nam. Aut cupiditate perspiciatis eaque rerum eum facilis corporis.',1),(18,'Amet nemo tenetur ea ut. Animi error et ut totam excepturi sunt. Suscipit et error fugit aut. Cupiditate nesciunt quo itaque sint.',4),(19,'Et ab fugiat adipisci molestiae soluta reprehenderit atque debitis. Omnis quasi quia voluptatem qui eligendi. Rem minima et id facere temporibus et minima.',7),(20,'Accusamus ipsam dolor dolorum et voluptatum ab nostrum. Distinctio dolorem commodi accusantium quia. Laborum officia quos optio est. Est adipisci beatae voluptatem veritatis consequatur adipisci rem.',3),(21,'Doloremque non et amet aut quam aut sapiente id. Repellendus est temporibus ut eaque. Ipsam sit sed sint similique iure quas.',4),(22,'Accusantium tempora cum quasi necessitatibus et. Necessitatibus esse sint incidunt necessitatibus. Doloremque aut quae perferendis voluptatibus occaecati qui fugiat et. Eaque sint velit alias eum.',2),(23,'Et minus ullam minus praesentium id fuga impedit cum. Laborum amet aut voluptatem vitae. Voluptate in sunt soluta iusto consectetur est distinctio. Sed id et incidunt debitis.',5),(24,'Sapiente accusantium impedit cupiditate soluta. Molestiae officia aut provident quaerat aut.',10),(25,'Aut earum et velit et dignissimos. Sed illo occaecati sapiente. Qui odit consectetur eaque libero animi maxime.',6),(26,'Repudiandae sunt quo facere officiis dolores. Doloribus ex architecto aspernatur non placeat autem. Repudiandae consequatur minima sit magnam repellendus nihil.',6),(27,'Libero excepturi nulla debitis et iusto et esse et. Voluptate odio distinctio placeat dignissimos. Deleniti similique est sapiente est facilis quas nam. Accusantium praesentium est rerum.',4),(28,'Ullam sit itaque numquam pariatur pariatur. Sit molestiae perspiciatis aut officia id ipsa et fugiat. Quo nobis nihil quia rerum. Laudantium et occaecati quod earum.',1),(29,'Porro quidem reiciendis quia. Est et deserunt est debitis. Sed qui ducimus perferendis velit et sint ut. Nesciunt sint unde excepturi inventore exercitationem.',4),(30,'A sunt neque laboriosam vitae quis minus expedita. Doloremque dolorem consequatur assumenda nulla ipsa soluta nulla. Sunt ut vel voluptatum et a earum praesentium.',4),(31,'Tenetur sed dolorem quos esse. Reiciendis sint qui eos sunt recusandae. Ut non quam pariatur aliquam qui cupiditate omnis.',10),(32,'Ab omnis quae vel harum. Delectus omnis sunt sit consequatur quis inventore unde. Fugiat perspiciatis omnis quia. Neque inventore in sed natus.',8),(33,'Aut aliquid cumque eum ut ab occaecati. Sapiente fugiat vero accusamus distinctio. Excepturi ut cum qui quos.',10),(34,'Aliquid repellat quasi dicta animi enim facere. Corrupti et sed veniam et. Optio provident magnam repellendus omnis dolores alias ad ut. Et itaque enim libero recusandae architecto.',4),(35,'Aut at tempore sed facilis et sit. Est nobis ut quae sit debitis. Magni et quidem itaque quaerat quidem maiores. Possimus nisi expedita itaque autem vel.',2),(36,'Error animi corporis aut ut labore soluta quia. Id doloremque eum laborum nemo. Hic dolorum iusto sit nisi. Distinctio est nemo beatae velit fugit fugiat.',4),(37,'Sed non eius nobis. Rerum modi aut non laboriosam illo repudiandae. Perspiciatis magnam autem doloremque numquam dolores.',5),(38,'Suscipit labore repellat porro. Dolore nulla hic eaque ducimus incidunt saepe. Dolor quia adipisci eligendi asperiores.',4),(39,'Ratione deleniti corrupti et modi consequatur animi qui non. Doloribus quia omnis sit aut fugit maxime quidem. Vel alias quas rem quos inventore aperiam.',4),(40,'In placeat nostrum ut labore adipisci. Dolor atque perspiciatis aliquid molestiae voluptate cum. Molestias quo qui et.',6),(41,'Excepturi inventore ab est. Totam voluptatem fugiat velit sunt. Sapiente quia quia nam doloribus.',9),(42,'Qui in rerum mollitia quia numquam tenetur. Necessitatibus dolore officia dicta. Aperiam et molestias omnis eos aut esse. Provident numquam quaerat voluptas officiis et.',7),(43,'Nulla iste perferendis aliquid qui harum velit. Officia quo sint est iure. Voluptas maxime aut ipsam expedita sed. Cum non similique qui ea voluptatem quas.',9),(44,'Aspernatur magni quos ea nesciunt rem soluta sint. Vero magnam corporis vero quia. Et animi mollitia sint sit.',10),(45,'Inventore sequi non vel corporis consequatur fugit. Tempora in exercitationem est voluptatem quis unde velit. Explicabo earum ipsa vitae.',6),(46,'Reprehenderit ratione dolores deleniti sapiente quod temporibus. Ut voluptate accusantium alias. Iusto quam est omnis iure animi dolore.',6),(47,'Assumenda rem omnis eum voluptatem est. Quis possimus atque sed aut necessitatibus magni est fugiat. Dolorem sunt sed molestiae sunt. Explicabo et saepe iure earum consectetur esse incidunt.',4),(48,'Praesentium animi culpa possimus necessitatibus officiis quasi. Ipsam incidunt quidem ratione qui molestias. Enim nihil mollitia debitis fugit voluptatum rem.',1),(49,'Eum itaque vel et ut velit. Deserunt ratione velit exercitationem quam iusto.',2),(50,'Quis impedit quasi quisquam veritatis et suscipit. Repellat eos consequatur quia veritatis fuga. Commodi dolor aliquam quibusdam sequi perferendis. Et suscipit aut velit eum maxime non.',5),(51,'Dolor debitis consequatur doloremque eos. Voluptatem laborum voluptate quis qui deserunt labore. Possimus qui et nemo molestiae.',9),(52,'Ea atque exercitationem quia nobis nihil illo. Porro id aut qui velit alias et. Placeat maiores amet enim.',2),(53,'Iure ab unde ut maxime dolor a aut omnis. Magnam doloremque aut ratione et corrupti commodi numquam.',1),(54,'Eligendi error exercitationem aut omnis quasi ad officia. Praesentium voluptate saepe temporibus reiciendis sunt molestiae. Impedit nisi aut explicabo qui mollitia.',6),(55,'Eaque est dolor veritatis ipsa illum aut. Quo est neque et sit dolor at. Vero impedit sed possimus voluptatem.',10),(56,'Pariatur quidem quam suscipit molestiae. Corrupti aliquam nihil aspernatur in assumenda.',1),(57,'Quae quia commodi cum voluptas illo sint. In voluptates aut quibusdam totam. Eum eligendi aliquid quis id.',4),(58,'Ullam molestias ut necessitatibus voluptatem. Laborum consequatur reiciendis aut et animi ducimus consequatur sed. Possimus dolorum sit magni iusto inventore totam quos.',5),(59,'Tempore sed molestiae veniam officiis. Aut sit ipsum facere voluptatem. Qui aut animi est saepe. Et et nam laborum.',3),(60,'Laboriosam et eius voluptas temporibus quia officia. Natus eveniet non corporis. Alias voluptas maxime fuga ab eligendi culpa perferendis.',2),(61,'Porro ipsa labore similique quia quia. Quae impedit corrupti cupiditate iure qui magni. Eius tempora aut cum ex sunt eligendi.',8),(62,'Veniam quo odio labore alias beatae odit. Sit asperiores sit debitis iure voluptatum. Beatae voluptas laborum ut molestiae.',6),(63,'Distinctio consequatur rerum aliquam est delectus iusto error. Molestiae at eum ipsa dolores sit ut accusamus. Est doloremque maxime aut illo laboriosam.',5),(64,'Animi vel aspernatur minima incidunt ea. In commodi enim non. Enim aut omnis maiores temporibus unde.',6),(65,'Reprehenderit ipsam necessitatibus vero tempora. Voluptatum in aliquid sint ipsam dolores repellendus aspernatur. Est excepturi odio eum consequuntur error.',2),(66,'Harum non est similique et laboriosam. Corporis natus quaerat tempora.',5),(67,'Fugiat fugit minus debitis deleniti cumque. Possimus voluptas ex error nihil sit tenetur.\nSapiente sunt itaque magni ut cumque qui. Enim deleniti recusandae aperiam minima inventore ab.',6),(68,'Itaque unde sed et accusamus dolor deleniti velit. Quis voluptatem earum ducimus tenetur. Aspernatur inventore labore est. Velit distinctio aliquid consequatur tempora.',7),(69,'Nostrum itaque eos ut doloribus et ut error. Eum quia quo in asperiores culpa neque et. Doloremque illo velit ipsum. Fugit itaque enim qui est aspernatur dolores aut.',4),(70,'Eum et dolor aperiam laboriosam. Et qui ab consequatur natus harum. At aut est et rerum sit nihil.',1),(71,'Sunt in ducimus rerum rerum magnam qui. In ducimus ab accusamus deleniti assumenda. Aut mollitia totam qui harum.',3),(72,'Harum voluptas blanditiis inventore sint aut. Illum et corrupti ut cupiditate excepturi eos. Corporis voluptas necessitatibus voluptatem aut reprehenderit rerum et. Ducimus atque sed ut debitis.',2),(73,'Nemo sed et itaque repellat. Nulla non sit voluptas inventore numquam et autem. Adipisci eum quaerat accusamus reiciendis quae nihil. Et ea modi et qui beatae eos.',1),(74,'Consequatur quisquam harum autem aut iusto porro. Tenetur provident officia odio impedit suscipit ut error.',9),(75,'Quia natus ut et. Quia atque quos similique dolor ipsum repellendus iste. Non aut officiis ab sequi fuga eum nesciunt. Et repellendus labore sapiente magni quis.',2),(76,'Illo aut architecto quia vero quod. Iste eaque quia corporis facere. Vero exercitationem vitae nobis omnis voluptas.',9),(77,'Velit molestiae veniam officiis placeat. Inventore ullam qui aut assumenda ipsum quod minus. Officia soluta vero non voluptatem.',2),(78,'Id deserunt porro perferendis delectus vero provident deleniti velit. Ea consequatur iure eum aut similique similique animi consequatur. Vitae molestias iste harum incidunt voluptate et facilis.',2),(79,'Voluptate unde eos nemo eum quibusdam nisi aut explicabo. Reprehenderit vitae magnam autem beatae incidunt. In ducimus maxime molestiae et.',2),(80,'Velit aliquam dolorum nulla natus. Deserunt molestiae aut repellat laborum eligendi molestias explicabo. Ut mollitia facilis necessitatibus excepturi voluptas.',4),(81,'Quasi ut placeat itaque soluta sit id. Vel sit quo placeat saepe. Vitae excepturi quae ut voluptas.',2),(82,'Et voluptas et aliquid fugiat quibusdam qui atque quia. Sit qui vero est aut quia. Sed nostrum amet quaerat commodi. Occaecati accusantium incidunt doloremque consequatur.',9),(83,'Dignissimos vitae dolorem error nobis. Fugiat neque molestias velit sed libero libero quos.',8),(84,'Quas est necessitatibus ea placeat. At est et amet beatae rerum harum dolorem. Provident omnis repellat accusantium tenetur voluptas qui ut.',1),(85,'Enim quibusdam sapiente omnis eos eius. Dolore ad et sed deserunt voluptatem eum. Est voluptas quibusdam esse aut earum harum temporibus.',3),(86,'Enim similique voluptas ipsam tempore vero non dignissimos. Fuga sequi aut voluptatem ut. Sit vitae facere et veritatis non consequuntur.',2),(87,'Et odit cum assumenda veritatis minima. Dolore laboriosam accusantium sit voluptas. Itaque dolores non voluptas consequuntur dolores sapiente. Reprehenderit deserunt perferendis deleniti.',10),(88,'Nihil sed eos recusandae in est expedita. Ad magnam ducimus similique natus. Quis cum incidunt dignissimos necessitatibus. Porro ut non laboriosam quibusdam eaque.',2),(89,'Dolor ad atque incidunt totam doloremque. Deleniti temporibus libero praesentium eaque in reiciendis iusto. Delectus laborum voluptatem nihil explicabo.',9),(90,'Totam dignissimos iure similique totam sequi iusto. Expedita aut aut non deleniti accusantium. Tempore qui eum quia voluptatibus ab.',9),(91,'Quos mollitia ipsa fugit libero dolorum. Ut eaque enim et. Numquam commodi fugit totam soluta repudiandae dolores.',7),(92,'Asperiores temporibus alias minima aspernatur quia. Qui ut est aspernatur explicabo. Debitis veniam sed suscipit esse.',7),(93,'Maxime eos est nisi nesciunt sunt sint. Perferendis non reiciendis dolorum et iure. Enim debitis inventore reiciendis tempora aliquid eaque voluptate.',2),(94,'Vel libero sed id fuga dolor voluptas dicta. Qui beatae fugiat vel doloremque autem delectus.',1),(95,'Et vel harum in voluptates. Nihil temporibus dolore est fugit et nesciunt ut veniam. Sit rerum autem et. Est deleniti in et ipsa et hic.',7),(96,'Laboriosam sed recusandae tenetur labore. Eum at possimus expedita reprehenderit repellendus suscipit. Ut sed ad qui nisi libero laudantium quam.',3),(97,'Enim et qui incidunt. Qui ea dicta non et optio. Modi ratione consequatur rem in necessitatibus error fugiat voluptates. Debitis numquam officia commodi consequatur.',3),(98,'Nihil eum provident repudiandae ut quasi. Nam soluta non voluptatum aut fugiat odio ullam. Et omnis consequuntur quis asperiores dolore quo consequatur. Molestiae voluptas consectetur iure non.',3),(99,'Veritatis cum veniam possimus nihil delectus culpa sint. Ipsam rem explicabo ut eaque ut et. Veniam non aut aliquid quia omnis non sit. Voluptatem quidem veritatis ut.',9),(100,'Iste nostrum distinctio omnis. Quam sed ut dolores nobis. Dicta ut quia vel architecto sint corrupti consequatur optio.',4);
/*!40000 ALTER TABLE `trailers` ENABLE KEYS */;
UNLOCK TABLES;

--
-- Temporary view structure for view `user_sex`
--

DROP TABLE IF EXISTS `user_sex`;
/*!50001 DROP VIEW IF EXISTS `user_sex`*/;
SET @saved_cs_client     = @@character_set_client;
/*!50503 SET character_set_client = utf8mb4 */;
/*!50001 CREATE VIEW `user_sex` AS SELECT 
 1 AS `user_name`,
 1 AS `sex`*/;
SET character_set_client = @saved_cs_client;

--
-- Table structure for table `users`
--

DROP TABLE IF EXISTS `users`;
/*!40101 SET @saved_cs_client     = @@character_set_client */;
/*!50503 SET character_set_client = utf8mb4 */;
CREATE TABLE `users` (
  `id` int(10) unsigned NOT NULL AUTO_INCREMENT,
  `first_name` varchar(100) CHARACTER SET utf8 COLLATE utf8_unicode_ci NOT NULL,
  `last_name` varchar(100) CHARACTER SET utf8 COLLATE utf8_unicode_ci NOT NULL,
  `email` varchar(150) CHARACTER SET utf8 COLLATE utf8_unicode_ci NOT NULL,
  `phone` varchar(100) CHARACTER SET utf8 COLLATE utf8_unicode_ci NOT NULL,
  PRIMARY KEY (`id`)
) ENGINE=InnoDB AUTO_INCREMENT=101 DEFAULT CHARSET=utf8 COLLATE=utf8_unicode_ci COMMENT='пользователи';
/*!40101 SET character_set_client = @saved_cs_client */;

--
-- Dumping data for table `users`
--

LOCK TABLES `users` WRITE;
/*!40000 ALTER TABLE `users` DISABLE KEYS */;
INSERT INTO `users` VALUES (1,'Nicola','Little','kamille.hoppe@example.net','095.574.2428x314'),(2,'Martina','Ondricka','mmcdermott@example.com','+34(2)0407257018'),(3,'Delbert','Will','fadel.kathryn@example.com','+02(9)5076192767'),(4,'Federico','Kreiger','antonio.hartmann@example.com','162-633-7878'),(5,'Bailee','Waelchi','nicolas87@example.net','+67(7)5216500981'),(6,'Julianne','Maggio','xondricka@example.com','222-536-3930x474'),(7,'Joanne','Williamson','domingo49@example.org','866-889-8551'),(8,'Shanelle','Considine','maybell41@example.org','494.415.0914'),(9,'Elsa','Ankunding','adeline.adams@example.com','+10(2)6338355076'),(10,'Linwood','Hamill','bernadette41@example.org','253.584.5350x619'),(11,'Melany','Herman','lehner.alexandra@example.org','+10(8)9330482311'),(12,'Delmer','Paucek','alexis13@example.com','+38(6)6229009846'),(13,'Cicero','Maggio','tiara96@example.net','(288)546-9794'),(14,'Augustus','Smith','qspencer@example.org','(808)582-1040'),(15,'Gillian','Schmitt','ricardo97@example.org','(552)831-5371'),(16,'Shawna','Strosin','pkonopelski@example.net','696-900-2681x43450'),(17,'Cristian','Weimann','zcasper@example.com','1-121-386-2150'),(18,'Camden','Langosh','block.vincenza@example.com','1-308-894-9507'),(19,'Alisha','Botsford','randal.kutch@example.net','882-188-5022'),(20,'Armand','Barrows','ldibbert@example.com','(950)525-6728'),(21,'Nannie','Hills','wshanahan@example.net','(151)595-5137x0929'),(22,'Cayla','Lesch','alicia66@example.org','311.599.9136x76883'),(23,'Savanah','Collins','michael.reinger@example.org','06381951781'),(24,'Anita','Runolfsson','osporer@example.org','053-680-9757'),(25,'Araceli','Ratke','reba71@example.com','865-759-4024x507'),(26,'Rossie','Stroman','durgan.hudson@example.org','905.999.8278'),(27,'Dillan','Gulgowski','will.michale@example.net','+26(0)1131989710'),(28,'Belle','Shields','mozelle69@example.org','(052)281-6578'),(29,'Taryn','Stokes','wrenner@example.com','1-584-753-4649x3901'),(30,'Dannie','Cruickshank','wiegand.noel@example.com','443.991.2720x3062'),(31,'Dixie','Goyette','btrantow@example.com','03883481928'),(32,'Remington','Kshlerin','goyette.preston@example.org','455-458-5757'),(33,'Ross','Runolfsdottir','antwan.grady@example.org','525-549-7066'),(34,'Nellie','Legros','benedict74@example.com','1-862-236-4731x71667'),(35,'Myah','Moore','bins.yazmin@example.org','1-103-095-9328x7187'),(36,'Lyric','Gulgowski','pmayer@example.net','03540547703'),(37,'Thora','Raynor','corbin46@example.com','+57(9)9623458319'),(38,'Marshall','Pollich','herzog.claudine@example.net','540-883-2874'),(39,'Jayson','Haley','marco.graham@example.com','+65(2)2942907866'),(40,'Gus','Pfeffer','veum.marcelina@example.org','(322)601-7755'),(41,'Aileen','Kilback','carter.london@example.net','+29(9)6365989949'),(42,'Viva','Cummerata','dsipes@example.com','(609)993-7138x03224'),(43,'Ozella','Quitzon','ocie59@example.net','917-127-9981'),(44,'Consuelo','Hilll','marcellus.stehr@example.org','132-369-3014'),(45,'Kiera','Heller','cremin.antwon@example.net','960.484.6287x861'),(46,'Ollie','White','bosco.gudrun@example.net','1-503-473-8134x5328'),(47,'Stephan','Effertz','frosenbaum@example.org','(597)711-4967'),(48,'Thora','Moore','adams.yazmin@example.com','+19(9)0849418405'),(49,'Edmond','Renner','joannie.bogan@example.net','083.436.0436x00682'),(50,'Ashtyn','Dicki','swaniawski.golda@example.org','350.557.9371'),(51,'William','Balistreri','misty74@example.org','430.097.9378'),(52,'Trinity','Mosciski','augustus.beatty@example.org','960-501-0212x7465'),(53,'Amelie','Hilpert','opal.ratke@example.com','1-983-548-7394'),(54,'Monty','Legros','mary43@example.org','610.722.7401'),(55,'Kristin','Farrell','aidan.emard@example.com','1-988-796-0400'),(56,'Rowan','Schowalter','urban.kautzer@example.org','1-750-860-9306x061'),(57,'Shanelle','Hegmann','omari53@example.com','099-947-4519'),(58,'Immanuel','Cummerata','tbogan@example.com','(846)256-1523'),(59,'Colin','Hyatt','imogene.lowe@example.org','09999443603'),(60,'Ibrahim','Gorczany','bernita67@example.com','860.275.1633'),(61,'Earline','Beier','turner.isaias@example.net','116.812.0071x833'),(62,'Zella','Rice','ryann26@example.com','1-513-356-7675x39618'),(63,'Lucas','Kling','vlueilwitz@example.org','142.760.3851x187'),(64,'Neal','Miller','tatyana.simonis@example.net','1-213-395-4783x08280'),(65,'Wilber','Little','alec.hauck@example.net','1-753-543-4268'),(66,'Zoila','Davis','fluettgen@example.com','+29(4)0739608943'),(67,'Orion','Conroy','qprohaska@example.com','1-205-109-8009'),(68,'Johnathon','Bosco','elroy36@example.org','1-656-372-6172x957'),(69,'Mac','Oberbrunner','ratke.constance@example.org','05805266031'),(70,'Reinhold','Langosh','harmstrong@example.net','1-856-150-5743x07268'),(71,'Reggie','Bruen','kohler.jovan@example.com','011.796.6549'),(72,'Keanu','Feeney','maria92@example.net','(469)404-5350x995'),(73,'Coy','Zieme','korey08@example.net','(602)838-3664x009'),(74,'Torey','Bins','wilfrid.zieme@example.org','1-467-289-4524x00386'),(75,'Stan','Hayes','hroob@example.com','198-937-5282x2632'),(76,'Joanie','Mitchell','ryann08@example.com','768-725-2085x97645'),(77,'Fannie','Gottlieb','carlotta42@example.net','290.533.5526x450'),(78,'Camila','Koepp','darrin93@example.org','772-962-3030x4557'),(79,'Halie','Goyette','reva.lesch@example.com','1-109-520-4706x9434'),(80,'Brennon','Fadel','rosenbaum.amir@example.org','(488)927-1633x605'),(81,'Roel','McKenzie','reinger.rachael@example.com','1-316-178-9133x549'),(82,'Lela','Grady','kaylah52@example.com','406-311-6698'),(83,'Bridie','Grady','nreynolds@example.org','915-315-9447x8618'),(84,'Isabella','Kutch','russel.ilene@example.com','1-362-947-3211'),(85,'Georgiana','Bailey','lindsay29@example.com','280-701-9555'),(86,'June','Kertzmann','cyrus.champlin@example.org','03226036021'),(87,'Maureen','Keebler','gleason.perry@example.net','+94(2)4823881546'),(88,'Hermina','Pollich','nleannon@example.com','740.852.5302'),(89,'Alaina','Ernser','spencer.marco@example.net','(483)880-2854'),(90,'David','McLaughlin','ethelyn25@example.com','656.457.3562x48911'),(91,'Violet','Lockman','hermina49@example.net','(058)058-2626x17033'),(92,'Demetris','Conroy','cabshire@example.org','1-261-357-5156'),(93,'Modesta','Gorczany','dlegros@example.org','1-631-011-6842'),(94,'Nikolas','Yost','alayna.denesik@example.org','612.971.5324'),(95,'Providenci','Cruickshank','zora.hartmann@example.net','+75(0)0143317415'),(96,'Orie','Carter','thiel.narciso@example.com','245.574.8172x775'),(97,'Nola','Upton','keely.olson@example.org','07937222988'),(98,'Rick','Hermann','marc.reynolds@example.net','496-905-3554x39927'),(99,'Tristin','Kuhic','ulind@example.com','1-918-325-8632x7096'),(100,'Rosetta','O\'Keefe','davis.luna@example.com','1-546-880-1827x7501');
/*!40000 ALTER TABLE `users` ENABLE KEYS */;
UNLOCK TABLES;

--
-- Final view structure for view `afisha_cinema`
--

/*!50001 DROP VIEW IF EXISTS `afisha_cinema`*/;
/*!50001 SET @saved_cs_client          = @@character_set_client */;
/*!50001 SET @saved_cs_results         = @@character_set_results */;
/*!50001 SET @saved_col_connection     = @@collation_connection */;
/*!50001 SET character_set_client      = utf8mb4 */;
/*!50001 SET character_set_results     = utf8mb4 */;
/*!50001 SET collation_connection      = utf8mb4_0900_ai_ci */;
/*!50001 CREATE ALGORITHM=UNDEFINED */
/*!50013 DEFINER=`root`@`localhost` SQL SECURITY DEFINER */
/*!50001 VIEW `afisha_cinema` AS select `c2`.`name` AS `name_of_cinema`,`c2`.`city_id` AS `city_id`,`c2`.`cinema_address` AS `cinema_address`,`c1`.`city_name` AS `city_name`,`c1`.`id` AS `id`,`a2`.`session_data` AS `session_data`,`a2`.`session_time` AS `session_time`,`a2`.`id` AS `id_of_afisha`,`m2`.`afisha_id` AS `afisha_id`,`m2`.`filename` AS `name_of_movie` from (((`cinemas` `c2` join `cities` `c1` on((`c2`.`city_id` = `c1`.`id`))) join `afisha` `a2` on((`c2`.`id` = `a2`.`cinema_id`))) join `movies` `m2` on((`m2`.`afisha_id` = `a2`.`id`))) order by `c1`.`city_name` */;
/*!50001 SET character_set_client      = @saved_cs_client */;
/*!50001 SET character_set_results     = @saved_cs_results */;
/*!50001 SET collation_connection      = @saved_col_connection */;

--
-- Final view structure for view `user_sex`
--

/*!50001 DROP VIEW IF EXISTS `user_sex`*/;
/*!50001 SET @saved_cs_client          = @@character_set_client */;
/*!50001 SET @saved_cs_results         = @@character_set_results */;
/*!50001 SET @saved_col_connection     = @@collation_connection */;
/*!50001 SET character_set_client      = utf8mb4 */;
/*!50001 SET character_set_results     = utf8mb4 */;
/*!50001 SET collation_connection      = utf8mb4_0900_ai_ci */;
/*!50001 CREATE ALGORITHM=UNDEFINED */
/*!50013 DEFINER=`root`@`localhost` SQL SECURITY DEFINER */
/*!50001 VIEW `user_sex` AS select concat(`u`.`first_name`,' ',`u`.`last_name`) AS `user_name`,`p`.`sex` AS `sex` from (`profiles` `p` left join `users` `u` on((`p`.`user_id` = `u`.`id`))) */;
/*!50001 SET character_set_client      = @saved_cs_client */;
/*!50001 SET character_set_results     = @saved_cs_results */;
/*!50001 SET collation_connection      = @saved_col_connection */;
/*!40103 SET TIME_ZONE=@OLD_TIME_ZONE */;

/*!40101 SET SQL_MODE=@OLD_SQL_MODE */;
/*!40014 SET FOREIGN_KEY_CHECKS=@OLD_FOREIGN_KEY_CHECKS */;
/*!40014 SET UNIQUE_CHECKS=@OLD_UNIQUE_CHECKS */;
/*!40101 SET CHARACTER_SET_CLIENT=@OLD_CHARACTER_SET_CLIENT */;
/*!40101 SET CHARACTER_SET_RESULTS=@OLD_CHARACTER_SET_RESULTS */;
/*!40101 SET COLLATION_CONNECTION=@OLD_COLLATION_CONNECTION */;
/*!40111 SET SQL_NOTES=@OLD_SQL_NOTES */;

-- Dump completed on 2020-02-10 23:35:50
